dictionary_id,priority_id,thesis_construct_block,thesis_item_codes,theoretical_model,add_health_target_domain,expected_analytic_use,analysis_role,variable_level,equivalence_strategy,expected_wave_priority,add_health_wave,add_health_document,add_health_variable_name,add_health_variable_label,add_health_response_categories,proposed_variable_type,proposed_coding_direction,public_use_status,mapping_quality,final_decision,import_priority,reviewer_notes
1,1,Sample alignment,GRADE,Socioecological model,School grade at Wave I,Sample restriction,sample_filter,baseline_covariate,Direct sample restriction,Wave I,Wave I,21600-0001-Data.sav dictionary / Wave I public-use data dictionary,H1GI20,S1Q20 GRADE-W1,7 = (7) 7th grade; 8 = (8) 8th grade; 9 = (9) 9th grade; 10 = (10) 10th grade; 11 = (11) 11th grade; 12 = (12) 12th grade; 96 = (96) Refused; 97 = (97) Legitimate skip (not in school); 98 = (98) Don't know; 99 = (99) Not applicable/school doesn't have grade levels,ordinal,not_applicable,public_use_confirmed,direct_equivalent,accepted_for_import,1 - import first,Usar para restringir a amostra principal aos graus 10-12 no Wave I.
2,2,Sample alignment,AGE,Socioecological model,Age at Wave I,Sample restriction,sample_filter,baseline_covariate,Direct sample restriction,Wave I,Wave I,21600-0001-Data.sav dictionary / Wave I public-use data dictionary,H1GI1Y,S1Q1 BIRTH YEAR-W1,74 = (74) 1974; 75 = (75) 1975; 76 = (76) 1976; 77 = (77) 1977; 78 = (78) 1978; 79 = (79) 1979; 80 = (80) 1980; 81 = (81) 1981; 82 = (82) 1982; 83 = (83) 1983; 96 = (96) Refused,continuous,not_applicable,public_use_confirmed,near_direct_equivalent,accepted_for_import,1 - import first,Ano de nascimento. Usar com mês de nascimento e data de entrevista para derivar idade aproximada no Wave I.
3,2,Sample alignment,AGE,Socioecological model,Age at Wave I,Sample restriction,sample_filter,baseline_covariate,Direct sample restriction,Wave I,Wave I,21600-0001-Data.sav dictionary / Wave I public-use data dictionary,H1GI1M,S1Q1 BIRTH MONTH-W1,1 = (1) January; 2 = (2) February; 3 = (3) March; 4 = (4) April; 5 = (5) May; 6 = (6) June; 7 = (7) July; 8 = (8) August; 9 = (9) September; 10 = (10) October; 11 = (11) November; 12 = (12) December; 96 = (96) Refused,categorical,not_applicable,public_use_confirmed,near_direct_equivalent,accepted_for_import,1 - import first,Mês de nascimento. Usar com ano de nascimento e mês/ano de entrevista para derivar idade aproximada no Wave I.
4,2,Sample alignment,AGE,Socioecological model,Age at Wave I,Sample restriction,sample_filter,baseline_covariate,Direct sample restriction,Wave I,Wave I,21600-0001-Data.sav dictionary / Wave I public-use data dictionary,IMONTH,MONTH OF INTERVIEW-W1,1 = (1) January; 4 = (4) April; 5 = (5) May; 6 = (6) June; 7 = (7) July; 8 = (8) August; 9 = (9) September; 10 = (10) October; 11 = (11) November; 12 = (12) December,categorical,not_applicable,public_use_confirmed,near_direct_equivalent,accepted_for_import,1 - import first,Mês de entrevista. Variável auxiliar para derivar idade no Wave I.
5,2,Sample alignment,AGE,Socioecological model,Age at Wave I,Sample restriction,sample_filter,baseline_covariate,Direct sample restriction,Wave I,Wave I,21600-0001-Data.sav dictionary / Wave I public-use data dictionary,IYEAR,YEAR OF INTERVIEW-W1,94 = (94) 1994; 95 = (95) 1995,categorical,not_applicable,public_use_confirmed,near_direct_equivalent,accepted_for_import,1 - import first,Ano de entrevista. Variável auxiliar para derivar idade no Wave I.
6,5,Sexual initiation,SEX_EVER; ISX1,Behavioural risk model,Ever had sex and age at first sex,Outcome or key behavioural variable,outcome_or_key_behaviour,behavioural_or_health_outcome,Direct or near-direct behavioural outcome,Wave I to Wave III,Wave I,21600-0001-Data.sav dictionary / Wave I public-use data dictionary,H1CO1,S24Q1 EVER HAVE SEX-W1,0 = (0) No (skip to next section); 1 = (1) Yes; 6 = (6) Refused (skip to next section); 8 = (8) Don't know; 9 = (9) Not applicable (skip to next section),binary,higher_value_more_risk,public_use_confirmed,direct_equivalent,accepted_for_import,1 - import first,Indicador principal de iniciação sexual: já teve sexo.
7,5,Sexual initiation,SEX_EVER; ISX1,Behavioural risk model,Ever had sex and age at first sex,Outcome or key behavioural variable,outcome_or_key_behaviour,behavioural_or_health_outcome,Direct or near-direct behavioural outcome,Wave I to Wave III,Wave I,21600-0001-Data.sav dictionary / Wave I public-use data dictionary,H1CO2M,S24Q2M FIRST TIMEN SEX-MONTH-W1,1 = (1) January; 2 = (2) February; 3 = (3) March; 4 = (4) April; 5 = (5) May; 6 = (6) June; 7 = (7) July; 8 = (8) August; 9 = (9) September; 10 = (10) October; 11 = (11) November; 12 = (12) December; 96 = (96) Refused; 97 = (97) Legitimate skip (hasn't had intercourse); 98 = (98) Don't know; 99 = (99) Not applicable,categorical,not_applicable,public_use_confirmed,near_direct_equivalent,accepted_for_import,1 - import first,"Mês da primeira relação sexual; usar com ano para derivar idade/tempo de iniciação, se necessário."
8,5,Sexual initiation,SEX_EVER; ISX1,Behavioural risk model,Ever had sex and age at first sex,Outcome or key behavioural variable,outcome_or_key_behaviour,behavioural_or_health_outcome,Direct or near-direct behavioural outcome,Wave I to Wave III,Wave I,21600-0001-Data.sav dictionary / Wave I public-use data dictionary,H1CO2Y,S24Q2Y FIRST TIME SEX-YEAR-W1,77 = (77) 1976-1977; 81 = (81) 1980-1981; 83 = (83) 1982-1983; 84 = (84) 1984; 85 = (85) 1985; 86 = (86) 1986; 87 = (87) 1987; 88 = (88) 1988; 89 = (89) 1989; 90 = (90) 1990; 91 = (91) 1991; 92 = (92) 1992; 93 = (93) 1993; 94 = (94) 1994; 95 = (95) 1995; 96 = (96) Refused; 97 = (97) Legitimate skip (hasn't had intercourse); 98 = (98) Don't know; 99 = (99) Not applicable,continuous,not_applicable,public_use_confirmed,near_direct_equivalent,accepted_for_import,1 - import first,"Ano da primeira relação sexual; usar para derivar idade/tempo de iniciação, se necessário."
9,7,Condom use,ISX3; APC; AEF; IPC,Health Belief Model / Theory of Planned Behaviour,Condom use and intention to use condom,Outcome or key behavioural variable,protective_behaviour_or_intention,behavioural_or_health_outcome,Direct or near-direct protective behaviour,Wave I to Wave III,Wave I,21600-0001-Data.sav dictionary / Wave I public-use data dictionary,H1CO8,S24Q8 EVER USE A CONDOM DURING SEX-W1,0 = (0) No (skip to Q.10); 1 = (1) Yes; 6 = (6) Refused (skip to Q.10); 7 = (7) Legitimate skip (hasn't had intercourse/used condom); 8 = (8) Don't know (skip to Q.10),binary,higher_value_more_protection,public_use_confirmed,direct_equivalent,accepted_for_import,1 - import first,Uso de preservativo alguma vez durante sexo; considerar apenas elegíveis conforme skip pattern.
10,7,Condom use,ISX3; APC; AEF; IPC,Health Belief Model / Theory of Planned Behaviour,Condom use and intention to use condom,Outcome or key behavioural variable,protective_behaviour_or_intention,behavioural_or_health_outcome,Direct or near-direct protective behaviour,Wave I to Wave III,Wave I,21600-0001-Data.sav dictionary / Wave I public-use data dictionary,H1CO9,S24Q9 HOW OFTEN USE CONDOM-W1,1 = (1) None of the time; 2 = (2) Some of the time; 3 = (3) Half of the time; 4 = (4) Most of the time; 5 = (5) All of the time; 6 = (6) Refused; 7 = (7) Legitimate skip (have never used condom),ordinal,higher_value_more_protection,public_use_confirmed,direct_equivalent,accepted_for_import,1 - import first,Frequência de uso de preservativo; maior valor indica maior proteção.
11,8,Contraceptive use,ISX3; APC; EPC; IPC,Theory of Planned Behaviour,Contraception and birth control,Outcome or key behavioural variable,protective_behaviour_or_intention,behavioural_or_health_outcome,Direct or near-direct protective behaviour,Wave I to Wave III,Wave I,21600-0001-Data.sav dictionary / Wave I public-use data dictionary,H1CO3,S24Q3 FIRST TIME SEX-USE BIRTHCONTROL-W1,0 = (0) No (skip to Q.5); 1 = (1) Yes; 6 = (6) Refused (skip to Q.5); 7 = (7) Legitimate skip (hasn't had intercourse); 8 = (8) Don't know (skip to Q.5),binary,higher_value_more_protection,public_use_confirmed,direct_equivalent,accepted_for_import,1 - import first,Uso de método de contraceção na primeira relação sexual.
12,8,Contraceptive use,ISX3; APC; EPC; IPC,Theory of Planned Behaviour,Contraception and birth control,Outcome or key behavioural variable,protective_behaviour_or_intention,behavioural_or_health_outcome,Direct or near-direct protective behaviour,Wave I to Wave III,Wave I,21600-0001-Data.sav dictionary / Wave I public-use data dictionary,H1CO6,S24Q6 MOST RECENT SEX-BIRTHCONTROL-W1,0 = (0) No (skip to Q.8); 1 = (1) Yes; 6 = (6) Refused (skip to Q.8); 7 = (7) Legitimate skip (hasn't had intercourse); 8 = (8) Don't know (skip to Q.8),binary,higher_value_more_protection,public_use_confirmed,direct_equivalent,accepted_for_import,1 - import first,Uso de método de contraceção na relação sexual mais recente.
13,8,Contraceptive use,ISX3; APC; EPC; IPC,Theory of Planned Behaviour,Contraception and birth control,Outcome or key behavioural variable,protective_behaviour_or_intention,behavioural_or_health_outcome,Direct or near-direct protective behaviour,Wave I to Wave III,Wave I,21600-0001-Data.sav dictionary / Wave I public-use data dictionary,H1CO13,S24Q13 EVER USE BIRTHCONTROL PILLS-W1,0 = (0) No (skip to Q.16); 1 = (1) Yes; 6 = (6) Refused (skip to Q.16); 7 = (7) Legit skip (hasn't received birth control from Dr./clini; 8 = (8) Don't know (skip to Q.16),binary,higher_value_more_protection,public_use_confirmed,near_direct_equivalent,accepted_for_import,1 - import first,Uso de pílula anticoncecional alguma vez; mais específico que contraceção geral.
14,9,Pregnancy outcome,Pregnancy-related outcome,Behavioural risk / reproductive health,Pregnancy history or pregnancy outcome,Outcome or key behavioural variable,reproductive_health_outcome,behavioural_or_health_outcome,Direct or near-direct reproductive health outcome,Wave I to Wave IV,Wave I,21600-0001-Data.sav dictionary / Wave I public-use data dictionary,H1FP7,S32BQ7 EVER BEEN PREGNANT-W1,0 = (0) No (skip to next section); 1 = (1) Yes; 6 = (6) Refused (skip to next section); 7 = (7) Legitimate skip (male resp/hasn't had sexual intercourse; 8 = (8) Don't know (skip to next section),binary,higher_value_more_risk,public_use_confirmed,direct_equivalent,accepted_for_import,1 - import first,Indicador principal de gravidez; aplicabilidade varia por sexo e skip pattern.
15,9,Pregnancy outcome,Pregnancy-related outcome,Behavioural risk / reproductive health,Pregnancy history or pregnancy outcome,Outcome or key behavioural variable,reproductive_health_outcome,behavioural_or_health_outcome,Direct or near-direct reproductive health outcome,Wave I to Wave IV,Wave I,21600-0001-Data.sav dictionary / Wave I public-use data dictionary,H1FP8,S32BQ8 NUMBER OF PREGNANCIES-W1,1 = (1) 1 time; 2 = (2) 2 times; 3 = (3) 3 times; 4 = (4) 4 or more times; 97 = (97) Legitimate skip (hasn't been pregnant); 98 = (98) Don't know,count,higher_value_more_risk,public_use_confirmed,direct_equivalent,accepted_for_import,1 - import first,Número de gravidezes; usar apenas entre elegíveis.
16,10,HIV/STI outcome,HIV-related outcome,Health Belief Model / reproductive health,"HIV, AIDS, STI, STD testing or diagnosis",Outcome or key behavioural variable,health_outcome_or_proxy,behavioural_or_health_outcome,"Direct, proxy or related health outcome depending on public-use availability",Wave I to Wave III,Wave I,21600-0001-Data.sav dictionary / Wave I public-use data dictionary,H1CO16D,S24Q16A EVER DIAGNOSED-HIV/AIDS-W1,0 = (0) No; 1 = (1) Yes (ask Q.17D); 6 = (6) Refused; 7 = (7) Legitimate skip (hasn't had intercourse); 8 = (8) Don't know,binary,higher_value_more_risk,public_use_confirmed,direct_equivalent,accepted_for_import,1 - import first,Diagnóstico autorreportado de HIV/AIDS; usar com cautela devido a baixa frequência/muitos skips.
17,10,HIV/STI outcome,HIV-related outcome,Health Belief Model / reproductive health,"HIV, AIDS, STI, STD testing or diagnosis",Outcome or key behavioural variable,health_outcome_or_proxy,behavioural_or_health_outcome,"Direct, proxy or related health outcome depending on public-use availability",Wave I to Wave III,Wave I,21600-0001-Data.sav dictionary / Wave I public-use data dictionary,H1HS9,S7Q9 TESTING/TREATMENT FOR STDS-W1,0 = (0) No (skip to Q.11); 1 = (1) Yes; 6 = (6) Refused (skip to Q.11); 8 = (8) Don't know (skip to Q.11),binary,higher_value_more_risk,public_use_confirmed,proxy_equivalent,accepted_for_import,1 - import first,"Teste/tratamento de STDs; proxy de exposição/serviço de saúde sexual, não diagnóstico confirmado."
18,10,HIV/STI outcome,HIV-related outcome,Health Belief Model / reproductive health,"HIV, AIDS, STI, STD testing or diagnosis",Outcome or key behavioural variable,health_outcome_or_proxy,behavioural_or_health_outcome,"Direct, proxy or related health outcome depending on public-use availability",Wave I to Wave III,Wave I,21600-0001-Data.sav dictionary / Wave I public-use data dictionary,H1CO16A,S24Q16A EVER DIAGNOSED-CHLAMYDIA-W1,0 = (0) No; 1 = (1) Yes (ask Q.17A); 6 = (6) Refused; 7 = (7) Legitimate skip (hasn't had intercourse); 8 = (8) Don't know,binary,higher_value_more_risk,public_use_confirmed,direct_equivalent,accepted_for_import,1 - import first,Diagnóstico autorreportado de chlamydia; pode compor índice STI.
19,10,HIV/STI outcome,HIV-related outcome,Health Belief Model / reproductive health,"HIV, AIDS, STI, STD testing or diagnosis",Outcome or key behavioural variable,health_outcome_or_proxy,behavioural_or_health_outcome,"Direct, proxy or related health outcome depending on public-use availability",Wave I to Wave III,Wave I,21600-0001-Data.sav dictionary / Wave I public-use data dictionary,H1CO16C,S24Q16A EVER DIAGNOSED-GONORRHEA-W1,0 = (0) No; 1 = (1) Yes (ask Q.17C); 6 = (6) Refused; 7 = (7) Legitimate skip (hasn't had intercourse); 8 = (8) Don't know,binary,higher_value_more_risk,public_use_confirmed,direct_equivalent,accepted_for_import,1 - import first,Diagnóstico autorreportado de gonorrhea; pode compor índice STI.
20,16,Self-efficacy,AEF1-AEF7; EPC1-EPC3; EIS1-EIS3,Theory of Planned Behaviour / Health Belief Model,"Condom, contraception and refusal self-efficacy",Theory of Planned Behaviour construct,planned_behaviour_construct,psychosocial_construct,Construct-level equivalence likely,Wave I to Wave III,Wave I,21600-0001-Data.sav dictionary / Wave I public-use data dictionary,H1SE1,S9Q1 USE BIRTH CONTROL IF AROUSED-W1,1 = (1) Very sure; 2 = (2) Moderately sure; 3 = (3) Neither sure nor unsure; 4 = (4) Moderately unsure; 5 = (5) Very unsure; 6 = (6) I never want to use birth control; 96 = (96) Refused; 97 = (97) Legitimate skip (age<15 or unknown); 98 = (98) Don't know; 99 = (99) Not applicable,ordinal,higher_value_more_protection,public_use_confirmed,near_direct_equivalent,accepted_for_import,1 - import first,Autoeficácia/intenção: usar birth control se excitado/aroused; recodificar para maior proteção.
21,16,Self-efficacy,AEF1-AEF7; EPC1-EPC3; EIS1-EIS3,Theory of Planned Behaviour / Health Belief Model,"Condom, contraception and refusal self-efficacy",Theory of Planned Behaviour construct,planned_behaviour_construct,psychosocial_construct,Construct-level equivalence likely,Wave I to Wave III,Wave I,21600-0001-Data.sav dictionary / Wave I public-use data dictionary,H1SE2,S9Q2 BIRTHCONTROL-ADVANCED PLANNING-W1,1 = (1) Very sure; 2 = (2) Moderately sure; 3 = (3) Neither sure nor unsure; 4 = (4) Moderately unsure; 5 = (5) Very unsure; 6 = (6) I never want to use birth control; 96 = (96) Refused; 97 = (97) Legitimate skip (age<15 or unknown); 98 = (98) Don't know; 99 = (99) Not applicable,ordinal,higher_value_more_protection,public_use_confirmed,near_direct_equivalent,accepted_for_import,1 - import first,Autoeficácia/planeamento antecipado de birth control; recodificar para maior proteção.
22,16,Self-efficacy,AEF1-AEF7; EPC1-EPC3; EIS1-EIS3,Theory of Planned Behaviour / Health Belief Model,"Condom, contraception and refusal self-efficacy",Theory of Planned Behaviour construct,planned_behaviour_construct,psychosocial_construct,Construct-level equivalence likely,Wave I to Wave III,Wave I,21600-0001-Data.sav dictionary / Wave I public-use data dictionary,H1SE3,S9Q3 RESIST SEX IF NO BIRTH CONTROL-W1,1 = (1) Very sure; 2 = (2) Moderately sure; 3 = (3) Neither sure nor unsure; 4 = (4) Moderately unsure; 5 = (5) Very unsure; 6 = (6) I never want to use birth control; 96 = (96) Refused; 97 = (97) Legitimate skip; 98 = (98) Don't know; 99 = (99) Not applicable,ordinal,higher_value_more_protection,public_use_confirmed,near_direct_equivalent,accepted_for_import,1 - import first,Capacidade de resistir sexo sem birth control; recodificar para maior proteção.
23,16,Self-efficacy,AEF1-AEF7; EPC1-EPC3; EIS1-EIS3,Theory of Planned Behaviour / Health Belief Model,"Condom, contraception and refusal self-efficacy",Theory of Planned Behaviour construct,planned_behaviour_construct,psychosocial_construct,Construct-level equivalence likely,Wave I to Wave III,Wave I,21600-0001-Data.sav dictionary / Wave I public-use data dictionary,H1PF6,S18Q6 KNOW HOW TO USE CONDOM-W1,1 = (1) Strongly agree; 2 = (2) Agree; 3 = (3) Neither agree nor disagree; 4 = (4) Disagree; 5 = (5) Strongly disagree; 6 = (6) Refused; 8 = (8) Don't know; 9 = (9) Not applicable,ordinal,higher_value_more_protection,public_use_confirmed,near_direct_equivalent,accepted_for_import,1 - import first,Conhecimento/autoeficácia percebida para usar preservativo; maior concordância indica maior capacidade.
24,18,Peer norms,NPP1-NPP3; NP4-NP6,Theory of Planned Behaviour / Socioecological model,Peer norms and peer sexual behaviour,Theory of Planned Behaviour construct,planned_behaviour_construct,peer_context,Construct-level equivalence likely; check public-use restrictions,Wave I to Wave III,Wave I,21600-0001-Data.sav dictionary / Wave I public-use data dictionary,H1PF12,S18Q12 FRIENDS KNOW HOW TO USE CONDOM-W1,1 = (1) Strongly agree; 2 = (2) Agree; 3 = (3) Neither agree nor disagree; 4 = (4) Disagree; 5 = (5) Strongly disagree; 6 = (6) Refused; 8 = (8) Don't know; 9 = (9) Not applicable,ordinal,higher_value_more_peer_protection,public_use_confirmed,proxy_equivalent,accepted_for_import,1 - import first,Perceção de amigos saberem usar preservativo; proxy de normas/conhecimento de pares.
25,18,Peer norms,NPP1-NPP3; NP4-NP6,Theory of Planned Behaviour / Socioecological model,Peer norms and peer sexual behaviour,Theory of Planned Behaviour construct,planned_behaviour_construct,peer_context,Construct-level equivalence likely; check public-use restrictions,Wave I to Wave III,Wave I,21600-0001-Data.sav dictionary / Wave I public-use data dictionary,H1PF9,S18Q9 FRIENDS KNOW WITHDRAWAL METHOD-W1,1 = (1) Strongly agree; 2 = (2) Agree; 3 = (3) Neither agree nor disagree; 4 = (4) Disagree; 5 = (5) Strongly disagree; 6 = (6) Refused; 8 = (8) Don't know; 9 = (9) Not applicable,ordinal,higher_value_more_peer_protection,public_use_confirmed,proxy_equivalent,accepted_for_import,1 - import first,Perceção de amigos conhecerem método withdrawal; proxy de conhecimento contraceptivo dos pares.
26,18,Peer norms,NPP1-NPP3; NP4-NP6,Theory of Planned Behaviour / Socioecological model,Peer norms and peer sexual behaviour,Theory of Planned Behaviour construct,planned_behaviour_construct,peer_context,Construct-level equivalence likely; check public-use restrictions,Wave I to Wave III,Wave I,21600-0001-Data.sav dictionary / Wave I public-use data dictionary,H1PF17,S18Q17 FRIENDS KNOW RHYTHM METHOD-W1,1 = (1) Strongly agree; 2 = (2) Agree; 3 = (3) Neither agree nor disagree; 4 = (4) Disagree; 5 = (5) Strongly disagree; 6 = (6) Refused; 8 = (8) Don't know; 9 = (9) Not applicable,ordinal,higher_value_more_peer_protection,public_use_confirmed,proxy_equivalent,accepted_for_import,1 - import first,Perceção de amigos conhecerem método rhythm; proxy de conhecimento contraceptivo dos pares.
27,19,Family monitoring,LFA1-LFA2,Socioecological model,Parental monitoring,Socioecological predictor or mediator,socioecological_family_construct,family_context,Construct-level equivalence likely,Wave I,Wave I,21600-0001-Data.sav dictionary / Wave I public-use data dictionary,H1WP1,S16Q1 MAKE OWN DECISION-WKEND CURFEW-W1,0 = (0) No; 1 = (1) Yes; 6 = (6) Refused; 7 = (7) Legitimate skip (no MOM/DAD); 8 = (8) Don't know; 9 = (9) Not applicable,binary,higher_value_less_parental_monitoring,public_use_confirmed,near_direct_equivalent,accepted_for_import,1 - import first,Decisão própria sobre hora de recolher no fim de semana; maior autonomia pode indicar menor monitoria parental.
28,19,Family monitoring,LFA1-LFA2,Socioecological model,Parental monitoring,Socioecological predictor or mediator,socioecological_family_construct,family_context,Construct-level equivalence likely,Wave I,Wave I,21600-0001-Data.sav dictionary / Wave I public-use data dictionary,H1WP2,S16Q2 MAKE OWN DECISION-FRIEND-W1,0 = (0) No; 1 = (1) Yes; 6 = (6) Refused; 7 = (7) Legitimate skip (no MOM/DAD); 8 = (8) Don't know; 9 = (9) Not applicable,binary,higher_value_less_parental_monitoring,public_use_confirmed,near_direct_equivalent,accepted_for_import,1 - import first,Decisão própria sobre amigos; maior autonomia pode indicar menor monitoria parental.
29,19,Family monitoring,LFA1-LFA2,Socioecological model,Parental monitoring,Socioecological predictor or mediator,socioecological_family_construct,family_context,Construct-level equivalence likely,Wave I,Wave I,21600-0001-Data.sav dictionary / Wave I public-use data dictionary,H1WP8,S16Q8 FREQ-EAT DINNER W/ PARENT-W1,0 = (0) No days; 1 = (1) 1 day; 2 = (2) 2 days; 3 = (3) 3 days; 4 = (4) 4 days; 5 = (5) 5 days; 6 = (6) 6 days; 7 = (7) 7 days; 96 = (96) Refused; 97 = (97) Legitimate skip (no MOM/DAD); 98 = (98) Don't know,count,higher_value_more_family_routine,public_use_confirmed,proxy_equivalent,accepted_for_import,1 - import first,Frequência de jantar com progenitor; proxy de rotina/monitoria familiar.
30,21,School connectedness,Q01-Q07,Socioecological model,School connectedness and school climate,Socioecological predictor or mediator,socioecological_school_construct,school_context,Construct-level equivalence likely,Wave I to Wave II,Wave I,21600-0001-Data.sav dictionary / Wave I public-use data dictionary,H1ED19,S5Q19 FEEL CLOSE TO PEOPLE AT SCHOOL-W1,1 = (1) Strongly agree; 2 = (2) Agree; 3 = (3) Neither agree nor disagree; 4 = (4) Disagree; 5 = (5) Strongly disagree; 6 = (6) Refused; 7 = (7) Legitimate skip; 8 = (8) Don't know,ordinal,higher_value_less_connectedness,public_use_confirmed,direct_equivalent,accepted_for_import,1 - import first,Sentir-se próximo das pessoas da escola; inverter para índice em que maior valor signifique mais conexão.
31,21,School connectedness,Q01-Q07,Socioecological model,School connectedness and school climate,Socioecological predictor or mediator,socioecological_school_construct,school_context,Construct-level equivalence likely,Wave I to Wave II,Wave I,21600-0001-Data.sav dictionary / Wave I public-use data dictionary,H1ED20,S5Q20 FEEL PART OF YOUR SCHOOL-W1,1 = (1) Strongly agree; 2 = (2) Agree; 3 = (3) Neither agree nor disagree; 4 = (4) Disagree; 5 = (5) Strongly disagree; 6 = (6) Refused; 7 = (7) Legitimate skip; 8 = (8) Don't know,ordinal,higher_value_less_connectedness,public_use_confirmed,direct_equivalent,accepted_for_import,1 - import first,Sentir-se parte da escola; inverter para índice em que maior valor signifique mais conexão.
32,21,School connectedness,Q01-Q07,Socioecological model,School connectedness and school climate,Socioecological predictor or mediator,socioecological_school_construct,school_context,Construct-level equivalence likely,Wave I to Wave II,Wave I,21600-0001-Data.sav dictionary / Wave I public-use data dictionary,H1ED23,S5Q23 TEACHERS TREAT STUDENTS FAIRLY-W1,1 = (1) Strongly agree; 2 = (2) Agree; 3 = (3) Neither agree nor disagree; 4 = (4) Disagree; 5 = (5) Strongly disagree; 6 = (6) Refused; 7 = (7) Legitimate skip; 8 = (8) Don't know,ordinal,higher_value_less_connectedness,public_use_confirmed,near_direct_equivalent,accepted_for_import,1 - import first,Professores tratam alunos de forma justa; inverter se criar índice positivo.
33,21,School connectedness,Q01-Q07,Socioecological model,School connectedness and school climate,Socioecological predictor or mediator,socioecological_school_construct,school_context,Construct-level equivalence likely,Wave I to Wave II,Wave I,21600-0001-Data.sav dictionary / Wave I public-use data dictionary,H1ED24,S5Q24 FEEL SAFE IN YOUR SCHOOL-W1,1 = (1) Strongly agree; 2 = (2) Agree; 3 = (3) Neither agree nor disagree; 4 = (4) Disagree; 5 = (5) Strongly disagree; 6 = (6) Refused; 7 = (7) Legitimate skip; 8 = (8) Don't know,ordinal,higher_value_less_connectedness,public_use_confirmed,near_direct_equivalent,accepted_for_import,1 - import first,Sentir-se seguro na escola; inverter se criar índice positivo.
34,21,School connectedness,Q01-Q07,Socioecological model,School connectedness and school climate,Socioecological predictor or mediator,socioecological_school_construct,school_context,Construct-level equivalence likely,Wave I to Wave II,Wave I,21600-0001-Data.sav dictionary / Wave I public-use data dictionary,H1PR2,S35Q2 TEACHERS CARE ABOUT YOU-W1,1 = (1) Not at all; 2 = (2) Very little; 3 = (3) Somewhat; 4 = (4) Quite a bit; 5 = (5) Very much; 6 = (6) Does not apply; 96 = (96) Refused; 98 = (98) Don't know,ordinal,higher_value_more_support,public_use_confirmed,near_direct_equivalent,accepted_for_import,1 - import first,Professores importam-se consigo; pode complementar índice de conexão escolar.
35,3,Demographics,GEN,Socioecological model,Sex or gender,Control or stratification,control_variable,baseline_covariate,Direct control variable,Wave I,Wave I,21600-0001-Data.sav dictionary / Wave I public-use data dictionary,BIO_SEX,BIOLOGICAL SEX-W1,1 = (1) Male; 2 = (2) Female; 6 = (6) Refused,binary,not_applicable,public_use_confirmed,direct_equivalent,accepted_for_import,2 - import second,Variável de sexo biológico; usar como controlo e estratificação por género/sexo.
36,4,Household socioeconomic status,AFL1-AFL4,Socioecological model,Household assets and family socioeconomic status,Control or stratification,control_or_index_variable,baseline_covariate,Proxy or index construction,Wave I,Wave I,21600-0001-Data.sav dictionary / Wave I public-use data dictionary,H1RM1,S14Q1 RES MOM-EDUCATION LEVEL-W1,1 = (1) 8th grade or less; 2 = (2) >8th grade/didn't graduate high school; 3 = (3) Business/trade/voc. school instead high school; 4 = (4) High school graduate; 5 = (5) GED; 6 = (6) Business/trade/voc. school after high school; 7 = (7) College/didn't graduate; 8 = (8) Graduated from college/university; 9 = (9) Prof training beyond 4-year college/university; 10 = (10) She never went to school; 11 = (11) Went to school/Resp doesn't know level; 12 = (12) Resp doesn't know if she went to school; 96 = (96) Refused; 97 = (97) Legitimate skip (no MOM); 98 = (98) Don't know,ordinal,higher_value_higher_ses,public_use_confirmed,near_direct_equivalent,accepted_for_import,2 - import second,Educação da mãe residente; componente SES.
37,4,Household socioeconomic status,AFL1-AFL4,Socioecological model,Household assets and family socioeconomic status,Control or stratification,control_or_index_variable,baseline_covariate,Proxy or index construction,Wave I,Wave I,21600-0001-Data.sav dictionary / Wave I public-use data dictionary,H1RF1,S15Q1 RES DAD-EDUCATION LEVEL-W1,1 = (1) 8th grade or less; 2 = (2) >8th grade/didn't graduate high school; 3 = (3) Business/trade/voc. school instead high school; 4 = (4) High school graduate; 5 = (5) GED; 6 = (6) Business/trade/voc. school after high school; 7 = (7) College/didn't graduate; 8 = (8) Graduated from college/university; 9 = (9) Prof training beyond 4-year college/univ; 10 = (10) He never went to school; 11 = (11) Went to school/Resp doesn't know level; 12 = (12) Resp doesn't know if he went to school; 96 = (96) Refused; 97 = (97) Legitimate skip; 98 = (98) Don't know; 99 = (99) Not applicable,ordinal,higher_value_higher_ses,public_use_confirmed,near_direct_equivalent,accepted_for_import,2 - import second,"Educação do pai residente; componente SES, com mais missing."
38,4,Household socioeconomic status,AFL1-AFL4,Socioecological model,Household assets and family socioeconomic status,Control or stratification,control_or_index_variable,baseline_covariate,Proxy or index construction,Wave I,Wave I,21600-0001-Data.sav dictionary / Wave I public-use data dictionary,PA55,A55 TOTAL HOUSEHOLD INCOME-PQ,9996 = (9996) Respondent refused to answer,continuous,higher_value_higher_ses,public_use_confirmed,near_direct_equivalent,accepted_for_import,2 - import second,Rendimento total do agregado no questionário dos pais; tratar 9996 como missing/recusa.
39,4,Household socioeconomic status,AFL1-AFL4,Socioecological model,Household assets and family socioeconomic status,Control or stratification,control_or_index_variable,baseline_covariate,Proxy or index construction,Wave I,Wave I,21600-0001-Data.sav dictionary / Wave I public-use data dictionary,PA21,A21 RECEIVING PUBLIC ASSISTANCE-PQ,0 = (0) No; 1 = (1) Yes; 6 = (6) Respondent refused to answer,binary,higher_value_lower_ses,public_use_confirmed,proxy_equivalent,accepted_for_import,2 - import second,Recebimento de assistência pública; proxy de vulnerabilidade socioeconómica.
40,11,HIV/AIDS knowledge,INA1-INA4; CVS1-CVS9,Health Belief Model,HIV/AIDS knowledge and information exposure,Outcome or key behavioural variable,health_outcome_or_proxy,behavioural_or_health_outcome,"Direct, proxy or related health outcome depending on public-use availability",Wave I to Wave III,Wave I,21600-0001-Data.sav dictionary / Wave I public-use data dictionary,H1TS8,S4Q8 LEARNED-AIDS-W1,0 = (0) No; 1 = (1) Yes; 6 = (6) Refused; 8 = (8) Don't know,binary,higher_value_more_knowledge_exposure,public_use_confirmed,proxy_equivalent,accepted_for_import,2 - import second,"Aprendeu sobre AIDS; exposição a informação, não teste de conhecimento factual."
41,11,HIV/AIDS knowledge,INA1-INA4; CVS1-CVS9,Health Belief Model,HIV/AIDS knowledge and information exposure,Outcome or key behavioural variable,health_outcome_or_proxy,behavioural_or_health_outcome,"Direct, proxy or related health outcome depending on public-use availability",Wave I to Wave III,Wave I,21600-0001-Data.sav dictionary / Wave I public-use data dictionary,H1PF6,S18Q6 KNOW HOW TO USE CONDOM-W1,1 = (1) Strongly agree; 2 = (2) Agree; 3 = (3) Neither agree nor disagree; 4 = (4) Disagree; 5 = (5) Strongly disagree; 6 = (6) Refused; 8 = (8) Don't know; 9 = (9) Not applicable,ordinal,higher_value_more_knowledge,public_use_confirmed,proxy_equivalent,accepted_for_import,2 - import second,Sabe como usar preservativo; conhecimento prático de prevenção.
42,12,Perceived susceptibility,SUP1-SUP4,Health Belief Model,Perceived HIV/STI risk,Health Belief Model construct,health_belief_model_construct,psychosocial_construct,Partial construct equivalence likely,Wave I to Wave III,Wave I,21600-0001-Data.sav dictionary / Wave I public-use data dictionary,H1GH44,S3Q44 CHANCES OF GETTING AIDS-W1,1 = (1) Very high; 2 = (2) High; 3 = (3) Low; 4 = (4) Very low; 5 = (5) None; 6 = (6) Refused; 8 = (8) Don't know,ordinal,higher_value_less_perceived_risk,public_use_confirmed,near_direct_equivalent,accepted_for_import,2 - import second,Perceção de chance de contrair AIDS; inverter se maior valor deve indicar maior suscetibilidade.
43,12,Perceived susceptibility,SUP1-SUP4,Health Belief Model,Perceived HIV/STI risk,Health Belief Model construct,health_belief_model_construct,psychosocial_construct,Partial construct equivalence likely,Wave I to Wave III,Wave I,21600-0001-Data.sav dictionary / Wave I public-use data dictionary,H1GH46,S3Q46 CHANGES OF GETTING OTHER STDS-W1,1 = (1) Very high; 2 = (2) High; 3 = (3) Low; 4 = (4) Very low; 5 = (5) No chance; 6 = (6) Refused; 8 = (8) Don't know; 9 = (9) Not applicable,ordinal,higher_value_less_perceived_risk,public_use_confirmed,near_direct_equivalent,accepted_for_import,2 - import second,Perceção de chance de contrair outras STDs; inverter se maior valor deve indicar maior suscetibilidade.
44,12,Perceived susceptibility,SUP1-SUP4,Health Belief Model,Perceived HIV/STI risk,Health Belief Model construct,health_belief_model_construct,psychosocial_construct,Partial construct equivalence likely,Wave I to Wave III,Wave I,21600-0001-Data.sav dictionary / Wave I public-use data dictionary,H1RP5,S8Q5 RISK OF PREGNANCY W/O PROTECTION-W1,1 = (1) Almost no chance; 2 = (2) Some chance/but probably not; 3 = (3) A 50-50 chance; 4 = (4) A good chance; 5 = (5) Almost certain; 6 = (6) Refused; 7 = (7) Legitimate skip (age<15 or unknown); 8 = (8) Don't know; 9 = (9) Not applicable,ordinal,higher_value_more_perceived_risk,public_use_confirmed,direct_equivalent,accepted_for_import,2 - import second,Risco percebido de gravidez sem proteção.
45,12,Perceived susceptibility,SUP1-SUP4,Health Belief Model,Perceived HIV/STI risk,Health Belief Model construct,health_belief_model_construct,psychosocial_construct,Partial construct equivalence likely,Wave I to Wave III,Wave I,21600-0001-Data.sav dictionary / Wave I public-use data dictionary,H1RP6,S8Q6 RISK OF AIDS W/O PROTECTION-W1,1 = (1) Almost no chance; 2 = (2) Some chance/but probably not; 3 = (3) A 50-50 chance; 4 = (4) A good chance; 5 = (5) Almost certain; 6 = (6) Refused; 7 = (7) Legitimate skip (age<15 or unknown); 8 = (8) Don't know; 9 = (9) Not applicable,ordinal,higher_value_more_perceived_risk,public_use_confirmed,direct_equivalent,accepted_for_import,2 - import second,Risco percebido de AIDS sem proteção.
46,14,Perceived benefits,BEP1-BEP4,Health Belief Model,Benefits of condom use or prevention,Health Belief Model construct,health_belief_model_construct,psychosocial_construct,Partial construct equivalence likely,Wave I to Wave III,Wave I,21600-0001-Data.sav dictionary / Wave I public-use data dictionary,H1BC6,S27Q6 EASY TO GET BIRTHCONTROL-W1,1 = (1) Strongly agree; 2 = (2) Agree; 3 = (3) Neither agree nor disagree; 4 = (4) Disagree; 5 = (5) Strongly disagree; 6 = (6) Refused; 7 = (7) Legitimate skip (sex=no or age <15); 8 = (8) Don't know; 9 = (9) Not applicable,ordinal,higher_value_less_perceived_benefit,public_use_confirmed,proxy_equivalent,accepted_for_import,2 - import second,Facilidade de obter birth control; pode ser recodificada como benefício/acesso.
47,14,Perceived benefits,BEP1-BEP4,Health Belief Model,Benefits of condom use or prevention,Health Belief Model construct,health_belief_model_construct,psychosocial_construct,Partial construct equivalence likely,Wave I to Wave III,Wave I,21600-0001-Data.sav dictionary / Wave I public-use data dictionary,H1RP5,S8Q5 RISK OF PREGNANCY W/O PROTECTION-W1,1 = (1) Almost no chance; 2 = (2) Some chance/but probably not; 3 = (3) A 50-50 chance; 4 = (4) A good chance; 5 = (5) Almost certain; 6 = (6) Refused; 7 = (7) Legitimate skip (age<15 or unknown); 8 = (8) Don't know; 9 = (9) Not applicable,ordinal,higher_value_more_perceived_benefit_of_protection,public_use_confirmed,proxy_equivalent,accepted_for_import,2 - import second,Risco de gravidez sem proteção; pode sustentar benefício percebido da proteção.
48,14,Perceived benefits,BEP1-BEP4,Health Belief Model,Benefits of condom use or prevention,Health Belief Model construct,health_belief_model_construct,psychosocial_construct,Partial construct equivalence likely,Wave I to Wave III,Wave I,21600-0001-Data.sav dictionary / Wave I public-use data dictionary,H1RP6,S8Q6 RISK OF AIDS W/O PROTECTION-W1,1 = (1) Almost no chance; 2 = (2) Some chance/but probably not; 3 = (3) A 50-50 chance; 4 = (4) A good chance; 5 = (5) Almost certain; 6 = (6) Refused; 7 = (7) Legitimate skip (age<15 or unknown); 8 = (8) Don't know; 9 = (9) Not applicable,ordinal,higher_value_more_perceived_benefit_of_protection,public_use_confirmed,proxy_equivalent,accepted_for_import,2 - import second,Risco de AIDS sem proteção; pode sustentar benefício percebido da proteção.
49,15,Perceived barriers,BAP1-BAP3,Health Belief Model,Barriers to condom use or prevention,Health Belief Model construct,health_belief_model_construct,psychosocial_construct,Partial construct equivalence likely,Wave I to Wave III,Wave I,21600-0001-Data.sav dictionary / Wave I public-use data dictionary,H1BC1,S27Q1 BIRTHCONTROL TOO BOTHERSOME-W1,1 = (1) Strongly agree; 2 = (2) Agree; 3 = (3) Neither agree nor disagree; 4 = (4) Disagree; 5 = (5) Strongly disagree; 6 = (6) Refused; 7 = (7) Legitimate skip (sex=no or age <15); 8 = (8) Don't know; 9 = (9) Not applicable,ordinal,higher_value_less_barrier,public_use_confirmed,direct_equivalent,accepted_for_import,2 - import second,"Barreira/atitude sobre birth control; itens estão codificados de concordância forte a discordância forte, exigindo recodificação coerente."
50,15,Perceived barriers,BAP1-BAP3,Health Belief Model,Barriers to condom use or prevention,Health Belief Model construct,health_belief_model_construct,psychosocial_construct,Partial construct equivalence likely,Wave I to Wave III,Wave I,21600-0001-Data.sav dictionary / Wave I public-use data dictionary,H1BC2,S27Q2 BIRTHCONTROL TOO EXPENSIVE-W1,1 = (1) Strongly agree; 2 = (2) Agree; 3 = (3) Neither agree nor disagree; 4 = (4) Disagree; 5 = (5) Strongly disagree; 6 = (6) Refused; 7 = (7) Legitimate skip (sex=no or age <15); 8 = (8) Don't know; 9 = (9) Not applicable,ordinal,higher_value_less_barrier,public_use_confirmed,direct_equivalent,accepted_for_import,2 - import second,"Barreira/atitude sobre birth control; itens estão codificados de concordância forte a discordância forte, exigindo recodificação coerente."
51,15,Perceived barriers,BAP1-BAP3,Health Belief Model,Barriers to condom use or prevention,Health Belief Model construct,health_belief_model_construct,psychosocial_construct,Partial construct equivalence likely,Wave I to Wave III,Wave I,21600-0001-Data.sav dictionary / Wave I public-use data dictionary,H1BC3,S27Q3 TOO MUCH PLANNING-W1,1 = (1) Strongly agree; 2 = (2) Agree; 3 = (3) Neither agree nor disagree; 4 = (4) Disagree; 5 = (5) Strongly disagree; 6 = (6) Refused; 7 = (7) Legitimate skip (sex=no or age <15); 8 = (8) Don't know; 9 = (9) Not applicable,ordinal,higher_value_less_barrier,public_use_confirmed,direct_equivalent,accepted_for_import,2 - import second,"Barreira/atitude sobre birth control; itens estão codificados de concordância forte a discordância forte, exigindo recodificação coerente."
52,15,Perceived barriers,BAP1-BAP3,Health Belief Model,Barriers to condom use or prevention,Health Belief Model construct,health_belief_model_construct,psychosocial_construct,Partial construct equivalence likely,Wave I to Wave III,Wave I,21600-0001-Data.sav dictionary / Wave I public-use data dictionary,H1BC4,S27Q4 HARD TO GET PARTNER TO USE-W1,1 = (1) Strongly agree; 2 = (2) Agree; 3 = (3) Neither agree nor disagree; 4 = (4) Disagree; 5 = (5) Strongly disagree; 6 = (6) Refused; 7 = (7) Legitimate skip (sex=no or age <15); 8 = (8) Don't know; 9 = (9) Not applicable,ordinal,higher_value_less_barrier,public_use_confirmed,direct_equivalent,accepted_for_import,2 - import second,"Barreira/atitude sobre birth control; itens estão codificados de concordância forte a discordância forte, exigindo recodificação coerente."
53,15,Perceived barriers,BAP1-BAP3,Health Belief Model,Barriers to condom use or prevention,Health Belief Model construct,health_belief_model_construct,psychosocial_construct,Partial construct equivalence likely,Wave I to Wave III,Wave I,21600-0001-Data.sav dictionary / Wave I public-use data dictionary,H1BC5,S27Q5 INTERFERES WITH PLEASURE-W1,1 = (1) Strongly agree; 2 = (2) Agree; 3 = (3) Neither agree nor disagree; 4 = (4) Disagree; 5 = (5) Strongly disagree; 6 = (6) Refused; 7 = (7) Legitimate skip (sex=no or age <15); 8 = (8) Don't know; 9 = (9) Not applicable,ordinal,higher_value_less_barrier,public_use_confirmed,direct_equivalent,accepted_for_import,2 - import second,"Barreira/atitude sobre birth control; itens estão codificados de concordância forte a discordância forte, exigindo recodificação coerente."
54,15,Perceived barriers,BAP1-BAP3,Health Belief Model,Barriers to condom use or prevention,Health Belief Model construct,health_belief_model_construct,psychosocial_construct,Partial construct equivalence likely,Wave I to Wave III,Wave I,21600-0001-Data.sav dictionary / Wave I public-use data dictionary,H1BC7,S27Q7 BIRTHCONTROL USE MORALLY WRONG-W1,1 = (1) Strongly agree; 2 = (2) Agree; 3 = (3) Neither agree nor disagree; 4 = (4) Disagree; 5 = (5) Strongly disagree; 6 = (6) Refused; 7 = (7) Legitimate skip (sex=no or age <15); 8 = (8) Don't know; 9 = (9) Not applicable,ordinal,higher_value_less_barrier,public_use_confirmed,near_direct_equivalent,accepted_for_import,2 - import second,"Barreira/atitude sobre birth control; itens estão codificados de concordância forte a discordância forte, exigindo recodificação coerente."
55,15,Perceived barriers,BAP1-BAP3,Health Belief Model,Barriers to condom use or prevention,Health Belief Model construct,health_belief_model_construct,psychosocial_construct,Partial construct equivalence likely,Wave I to Wave III,Wave I,21600-0001-Data.sav dictionary / Wave I public-use data dictionary,H1BC8,S27Q8 BIRTHCONTROL=LOOKING FOR SEX-W1,1 = (1) Strongly agree; 2 = (2) Agree; 3 = (3) Neither agree nor disagree; 4 = (4) Disagree; 5 = (5) Strongly disagree; 6 = (6) Refused; 7 = (7) Legitimate skip (sex=no or age <15); 8 = (8) Don't know; 9 = (9) Not applicable,ordinal,higher_value_less_barrier,public_use_confirmed,near_direct_equivalent,accepted_for_import,2 - import second,"Barreira/atitude sobre birth control; itens estão codificados de concordância forte a discordância forte, exigindo recodificação coerente."
56,17,Attitudes,AIS1-AIS3; APC1-APC3,Theory of Planned Behaviour,"Attitudes toward sex, condom and contraception",Theory of Planned Behaviour construct,planned_behaviour_construct,psychosocial_construct,Construct-level equivalence likely,Wave I to Wave III,Wave I,21600-0001-Data.sav dictionary / Wave I public-use data dictionary,H1MO1,S17Q1 IF SEX GAIN MORE RESPECT-W1,1 = (1) Strongly agree; 2 = (2) Agree; 3 = (3) Neither agree nor disagree; 4 = (4) Disagree; 5 = (5) Strongly disagree; 6 = (6) Refused; 7 = (7) Legitimate skip (married or <15); 8 = (8) Don't know; 9 = (9) Not applicable,ordinal,depends_on_item_direction,public_use_confirmed,near_direct_equivalent,accepted_for_import,2 - import second,Atitude ou norma familiar relacionada com sexo/birth control; avaliar direção item a item antes de construir índice.
57,17,Attitudes,AIS1-AIS3; APC1-APC3,Theory of Planned Behaviour,"Attitudes toward sex, condom and contraception",Theory of Planned Behaviour construct,planned_behaviour_construct,psychosocial_construct,Construct-level equivalence likely,Wave I to Wave III,Wave I,21600-0001-Data.sav dictionary / Wave I public-use data dictionary,H1MO2,S17Q2 IF SEX LOSE PARTNER RESPECT-W1,1 = (1) Strongly agree; 2 = (2) Agree; 3 = (3) Neither agree nor disagree; 4 = (4) Disagree; 5 = (5) Strongly disagree; 6 = (6) Refused; 7 = (7) Legitimate skip (married or <15); 8 = (8) Don't know; 9 = (9) Not applicable,ordinal,depends_on_item_direction,public_use_confirmed,near_direct_equivalent,accepted_for_import,2 - import second,Atitude ou norma familiar relacionada com sexo/birth control; avaliar direção item a item antes de construir índice.
58,17,Attitudes,AIS1-AIS3; APC1-APC3,Theory of Planned Behaviour,"Attitudes toward sex, condom and contraception",Theory of Planned Behaviour construct,planned_behaviour_construct,psychosocial_construct,Construct-level equivalence likely,Wave I to Wave III,Wave I,21600-0001-Data.sav dictionary / Wave I public-use data dictionary,H1MO3,S17Q3 IF SEX WOULD FEEL GUILTY-W1,1 = (1) Strongly agree; 2 = (2) Agree; 3 = (3) Neither agree nor disagree; 4 = (4) Disagree; 5 = (5) Strongly disagree; 6 = (6) Refused; 7 = (7) Legitimate skip (married or <15); 8 = (8) Don't know; 9 = (9) Not applicable,ordinal,depends_on_item_direction,public_use_confirmed,near_direct_equivalent,accepted_for_import,2 - import second,Atitude ou norma familiar relacionada com sexo/birth control; avaliar direção item a item antes de construir índice.
59,17,Attitudes,AIS1-AIS3; APC1-APC3,Theory of Planned Behaviour,"Attitudes toward sex, condom and contraception",Theory of Planned Behaviour construct,planned_behaviour_construct,psychosocial_construct,Construct-level equivalence likely,Wave I to Wave III,Wave I,21600-0001-Data.sav dictionary / Wave I public-use data dictionary,H1MO5,S17Q5 IF SEX LOT OF PHYSICAL PLEASURE-W1,1 = (1) Strongly agree; 2 = (2) Agree; 3 = (3) Neither agree nor disagree; 4 = (4) Disagree; 5 = (5) Strongly disagree; 6 = (6) Refused; 7 = (7) Legitimate skip (married or <15); 8 = (8) Don't know; 9 = (9) Not applicable,ordinal,depends_on_item_direction,public_use_confirmed,near_direct_equivalent,accepted_for_import,2 - import second,Atitude ou norma familiar relacionada com sexo/birth control; avaliar direção item a item antes de construir índice.
60,17,Attitudes,AIS1-AIS3; APC1-APC3,Theory of Planned Behaviour,"Attitudes toward sex, condom and contraception",Theory of Planned Behaviour construct,planned_behaviour_construct,psychosocial_construct,Construct-level equivalence likely,Wave I to Wave III,Wave I,21600-0001-Data.sav dictionary / Wave I public-use data dictionary,H1PA3,S34Q3 MOM-USE OF BIRTHCONTROL-W1,1 = (1) Strongly disapprove; 2 = (2) Disapprove; 3 = (3) Neither disapprove nor approve; 4 = (4) Approve; 5 = (5) Strongly approve; 6 = (6) Refused; 7 = (7) Legitimate skip (no resident MOM or married); 8 = (8) Don't know; 9 = (9) Not applicable,ordinal,depends_on_item_direction,public_use_confirmed,near_direct_equivalent,accepted_for_import,2 - import second,Atitude ou norma familiar relacionada com sexo/birth control; avaliar direção item a item antes de construir índice.
61,17,Attitudes,AIS1-AIS3; APC1-APC3,Theory of Planned Behaviour,"Attitudes toward sex, condom and contraception",Theory of Planned Behaviour construct,planned_behaviour_construct,psychosocial_construct,Construct-level equivalence likely,Wave I to Wave III,Wave I,21600-0001-Data.sav dictionary / Wave I public-use data dictionary,H1PA6,S34Q6 DAD-USE OF BIRTHCONTROL-W1,1 = (1) Strongly disapprove; 2 = (2) Disapprove; 3 = (3) Neither disapprove nor approve; 4 = (4) Approve; 5 = (5) Strongly approve; 6 = (6) Refused; 7 = (7) Legimate skip (no resident DAD or married); 8 = (8) Don't know; 9 = (9) Not applicable,ordinal,depends_on_item_direction,public_use_confirmed,near_direct_equivalent,accepted_for_import,2 - import second,Atitude ou norma familiar relacionada com sexo/birth control; avaliar direção item a item antes de construir índice.
62,17,Attitudes,AIS1-AIS3; APC1-APC3,Theory of Planned Behaviour,"Attitudes toward sex, condom and contraception",Theory of Planned Behaviour construct,planned_behaviour_construct,psychosocial_construct,Construct-level equivalence likely,Wave I to Wave III,Wave I,21600-0001-Data.sav dictionary / Wave I public-use data dictionary,H1PA7,S34Q7 CONSIDER HAVING CHILD UNMARRIED-W1,0 = (0) No; 1 = (1) Yes; 6 = (6) Refused; 7 = (7) Legitimate skip (currently married); 8 = (8) Don't know; 9 = (9) Not applicable,binary,depends_on_item_direction,public_use_confirmed,near_direct_equivalent,accepted_for_import,2 - import second,Atitude ou norma familiar relacionada com sexo/birth control; avaliar direção item a item antes de construir índice.
63,20,Family support,LFA3,Socioecological model,Family support or connectedness,Socioecological predictor or mediator,socioecological_family_construct,family_context,Construct-level equivalence likely,Wave I,Wave I,21600-0001-Data.sav dictionary / Wave I public-use data dictionary,H1PR3,S35Q3 PARENTS CARE ABOUT YOU-W1,1 = (1) Not at all; 2 = (2) Very little; 3 = (3) Somewhat; 4 = (4) Quite a bit; 5 = (5) Very much; 6 = (6) Does not apply; 96 = (96) Refused; 98 = (98) Don't know,ordinal,higher_value_more_support,public_use_confirmed,direct_equivalent,accepted_for_import,2 - import second,Indicador de suporte/conexão familiar. Verificar direção: escalas H1PR e H1WP já têm maior valor aproximadamente mais suporte.
64,20,Family support,LFA3,Socioecological model,Family support or connectedness,Socioecological predictor or mediator,socioecological_family_construct,family_context,Construct-level equivalence likely,Wave I,Wave I,21600-0001-Data.sav dictionary / Wave I public-use data dictionary,H1PR5,S35Q5 FAMILY UNDERSTAND YOU-W1,1 = (1) Not at all; 2 = (2) Very little; 3 = (3) Somewhat; 4 = (4) Quite a bit; 5 = (5) Very much; 6 = (6) Does not apply; 96 = (96) Refused; 98 = (98) Don't know,ordinal,higher_value_more_support,public_use_confirmed,direct_equivalent,accepted_for_import,2 - import second,Indicador de suporte/conexão familiar. Verificar direção: escalas H1PR e H1WP já têm maior valor aproximadamente mais suporte.
65,20,Family support,LFA3,Socioecological model,Family support or connectedness,Socioecological predictor or mediator,socioecological_family_construct,family_context,Construct-level equivalence likely,Wave I,Wave I,21600-0001-Data.sav dictionary / Wave I public-use data dictionary,H1PR7,S35Q7 FAMIYL HAS FUN TOGETHER-W1,1 = (1) Not at all; 2 = (2) Very little; 3 = (3) Somewhat; 4 = (4) Quite a bit; 5 = (5) Very much; 6 = (6) Does not apply; 96 = (96) Refused; 98 = (98) Don't know,ordinal,higher_value_more_support,public_use_confirmed,direct_equivalent,accepted_for_import,2 - import second,Indicador de suporte/conexão familiar. Verificar direção: escalas H1PR e H1WP já têm maior valor aproximadamente mais suporte.
66,20,Family support,LFA3,Socioecological model,Family support or connectedness,Socioecological predictor or mediator,socioecological_family_construct,family_context,Construct-level equivalence likely,Wave I,Wave I,21600-0001-Data.sav dictionary / Wave I public-use data dictionary,H1PR8,S35Q8 FAMILY PAYS ATTENTION TO YOU-W1,1 = (1) Not at all; 2 = (2) Very little; 3 = (3) Somewhat; 4 = (4) Quite a bit; 5 = (5) Very much; 6 = (6) Does not apply; 96 = (96) Refused; 98 = (98) Don't know,ordinal,higher_value_more_support,public_use_confirmed,direct_equivalent,accepted_for_import,2 - import second,Indicador de suporte/conexão familiar. Verificar direção: escalas H1PR e H1WP já têm maior valor aproximadamente mais suporte.
67,20,Family support,LFA3,Socioecological model,Family support or connectedness,Socioecological predictor or mediator,socioecological_family_construct,family_context,Construct-level equivalence likely,Wave I,Wave I,21600-0001-Data.sav dictionary / Wave I public-use data dictionary,H1WP9,S16Q9 CLOSE TO MOM-W1,1 = (1) Not at all; 2 = (2) Very little; 3 = (3) Somewhat; 4 = (4) Quite a bit; 5 = (5) Very much; 6 = (6) Refused; 7 = (7) Legitimate skip (no MOM); 8 = (8) Don't know,ordinal,higher_value_more_support,public_use_confirmed,near_direct_equivalent,accepted_for_import,2 - import second,Indicador de suporte/conexão familiar. Verificar direção: escalas H1PR e H1WP já têm maior valor aproximadamente mais suporte.
68,20,Family support,LFA3,Socioecological model,Family support or connectedness,Socioecological predictor or mediator,socioecological_family_construct,family_context,Construct-level equivalence likely,Wave I,Wave I,21600-0001-Data.sav dictionary / Wave I public-use data dictionary,H1WP10,S16Q10 MOM-HOW MUCH DOES SHE CARE-W1,1 = (1) Not at all; 2 = (2) Very little; 3 = (3) Somewhat; 4 = (4) Quite a bit; 5 = (5) Very much; 6 = (6) Refused; 7 = (7) Legitimate skip (no MOM); 8 = (8) Don't know,ordinal,higher_value_more_support,public_use_confirmed,near_direct_equivalent,accepted_for_import,2 - import second,Indicador de suporte/conexão familiar. Verificar direção: escalas H1PR e H1WP já têm maior valor aproximadamente mais suporte.
69,20,Family support,LFA3,Socioecological model,Family support or connectedness,Socioecological predictor or mediator,socioecological_family_construct,family_context,Construct-level equivalence likely,Wave I,Wave I,21600-0001-Data.sav dictionary / Wave I public-use data dictionary,H1WP13,S16Q13 CLOSE TO DAD-W1,1 = (1) Not at all; 2 = (2) Very little; 3 = (3) Somewhat; 4 = (4) Quite a bit; 5 = (5) Very much; 6 = (6) Refused; 7 = (7) Legitimate skip (no DAD); 8 = (8) Don't know; 9 = (9) Not applicable,ordinal,higher_value_more_support,public_use_confirmed,near_direct_equivalent,accepted_for_import,2 - import second,Indicador de suporte/conexão familiar. Verificar direção: escalas H1PR e H1WP já têm maior valor aproximadamente mais suporte.
70,20,Family support,LFA3,Socioecological model,Family support or connectedness,Socioecological predictor or mediator,socioecological_family_construct,family_context,Construct-level equivalence likely,Wave I,Wave I,21600-0001-Data.sav dictionary / Wave I public-use data dictionary,H1WP14,S16Q14 DAD-HOW MUCH DOES HE CARE-W1,1 = (1) Not at all; 2 = (2) Very little; 3 = (3) Somewhat; 4 = (4) Quite a bit; 5 = (5) Very much; 6 = (6) Refused; 7 = (7) Legitimate skip (no DAD); 8 = (8) Don't know; 9 = (9) Not applicable,ordinal,higher_value_more_support,public_use_confirmed,near_direct_equivalent,accepted_for_import,2 - import second,Indicador de suporte/conexão familiar. Verificar direção: escalas H1PR e H1WP já têm maior valor aproximadamente mais suporte.
71,13,Perceived severity,SEP1-SEP4,Health Belief Model,Perceived seriousness of HIV/AIDS,Health Belief Model construct,health_belief_model_construct,psychosocial_construct,Partial construct equivalence likely,Wave I to Wave III,Wave I,21600-0001-Data.sav dictionary / Wave I public-use data dictionary,H1RP3,S8Q3 WILL SUFFER IF HIV POSITIVE-W1,1 = (1) Strongly agree; 2 = (2) Agree; 3 = (3) Neither agree nor disagree; 4 = (4) Disagree; 5 = (5) Strongly disagree; 6 = (6) Refused; 7 = (7) Legitimate skip (age<15 or unknown); 8 = (8) Don't know; 9 = (9) Not applicable,ordinal,higher_value_less_severity,public_use_confirmed,near_direct_equivalent,accepted_for_import,3 - import after review,Perceção das consequências de ser HIV positivo; inverter para maior severidade percebida.
72,13,Perceived severity,SEP1-SEP4,Health Belief Model,Perceived seriousness of HIV/AIDS,Health Belief Model construct,health_belief_model_construct,psychosocial_construct,Partial construct equivalence likely,Wave I to Wave III,Wave I,21600-0001-Data.sav dictionary / Wave I public-use data dictionary,H1MO9,S17Q9 IF PREGNANT EMBARRASS FAMILY-W1,1 = (1) Strongly agree; 2 = (2) Agree; 3 = (3) Neither agree nor disagree; 4 = (4) Disagree; 5 = (5) Strongly disagree; 6 = (6) Refused; 7 = (7) Legitimate skip (married or <15); 8 = (8) Don't know; 9 = (9) Not applicable,ordinal,higher_value_less_severity,public_use_confirmed,proxy_equivalent,accepted_for_import,3 - import after review,Consequências percebidas da gravidez; inverter para severidade percebida da gravidez.
73,13,Perceived severity,SEP1-SEP4,Health Belief Model,Perceived seriousness of HIV/AIDS,Health Belief Model construct,health_belief_model_construct,psychosocial_construct,Partial construct equivalence likely,Wave I to Wave III,Wave I,21600-0001-Data.sav dictionary / Wave I public-use data dictionary,H1MO10,S17Q10 IF PREGNANT EMBARRASS SELF-W1,1 = (1) Strongly agree; 2 = (2) Agree; 3 = (3) Neither agree nor disagree; 4 = (4) Disagree; 5 = (5) Strongly disagree; 6 = (6) Refused; 7 = (7) Legitimate skip (married or <15); 8 = (8) Don't know; 9 = (9) Not applicable,ordinal,higher_value_less_severity,public_use_confirmed,proxy_equivalent,accepted_for_import,3 - import after review,Consequências percebidas da gravidez; inverter para severidade percebida da gravidez.
74,13,Perceived severity,SEP1-SEP4,Health Belief Model,Perceived seriousness of HIV/AIDS,Health Belief Model construct,health_belief_model_construct,psychosocial_construct,Partial construct equivalence likely,Wave I to Wave III,Wave I,21600-0001-Data.sav dictionary / Wave I public-use data dictionary,H1MO11,S17Q11 IF PREGNANT HAVE TO QUIT SCH-W1,1 = (1) Strongly agree; 2 = (2) Agree; 3 = (3) Neither agree nor disagree; 4 = (4) Disagree; 5 = (5) Strongly disagree; 6 = (6) Refused; 7 = (7) Legitimate skip (married or <15); 8 = (8) Don't know; 9 = (9) Not applicable,ordinal,higher_value_less_severity,public_use_confirmed,proxy_equivalent,accepted_for_import,3 - import after review,Consequências percebidas da gravidez; inverter para severidade percebida da gravidez.
75,13,Perceived severity,SEP1-SEP4,Health Belief Model,Perceived seriousness of HIV/AIDS,Health Belief Model construct,health_belief_model_construct,psychosocial_construct,Partial construct equivalence likely,Wave I to Wave III,Wave I,21600-0001-Data.sav dictionary / Wave I public-use data dictionary,H1MO12,S17Q12 IF PREGNANT MARRY WRONG PERSON-W1,1 = (1) Strongly agree; 2 = (2) Agree; 3 = (3) Neither agree nor disagree; 4 = (4) Disagree; 5 = (5) Strongly disagree; 6 = (6) Refused; 7 = (7) Legitimate skip (married or <15); 8 = (8) Don't know; 9 = (9) Not applicable,ordinal,higher_value_less_severity,public_use_confirmed,proxy_equivalent,accepted_for_import,3 - import after review,Consequências percebidas da gravidez; inverter para severidade percebida da gravidez.
76,13,Perceived severity,SEP1-SEP4,Health Belief Model,Perceived seriousness of HIV/AIDS,Health Belief Model construct,health_belief_model_construct,psychosocial_construct,Partial construct equivalence likely,Wave I to Wave III,Wave I,21600-0001-Data.sav dictionary / Wave I public-use data dictionary,H1MO13,S17Q13 IF PREGNANT GROW UP TOO FAST-W1,1 = (1) Strongly agree; 2 = (2) Agree; 3 = (3) Neither agree nor disagree; 4 = (4) Disagree; 5 = (5) Strongly disagree; 6 = (6) Refused; 7 = (7) Legitimate skip (married or <15); 8 = (8) Don't know; 9 = (9) Not applicable,ordinal,higher_value_less_severity,public_use_confirmed,proxy_equivalent,accepted_for_import,3 - import after review,Consequências percebidas da gravidez; inverter para severidade percebida da gravidez.
77,13,Perceived severity,SEP1-SEP4,Health Belief Model,Perceived seriousness of HIV/AIDS,Health Belief Model construct,health_belief_model_construct,psychosocial_construct,Partial construct equivalence likely,Wave I to Wave III,Wave I,21600-0001-Data.sav dictionary / Wave I public-use data dictionary,H1MO14,S17Q14 IF PREGNANT MAKE HARD DECISION-W1,1 = (1) Strongly agree; 2 = (2) Agree; 3 = (3) Neither agree nor disagree; 4 = (4) Disagree; 5 = (5) Strongly disagree; 6 = (6) Refused; 7 = (7) Legitimate skip (married or <15); 8 = (8) Don't know; 9 = (9) Not applicable,ordinal,higher_value_less_severity,public_use_confirmed,proxy_equivalent,accepted_for_import,3 - import after review,Consequências percebidas da gravidez; inverter para severidade percebida da gravidez.
