priority_id,thesis_construct_block,thesis_item_codes,theoretical_model,add_health_target_domain,expected_wave_priority,mapping_priority,file_name,page_number,n_hits_on_page,matched_keywords,page_rank_within_document,manual_review_action,context_exported
1,Sample alignment,GRADE,Socioecological model,School grade at Wave I,Wave I,Critical,add_health_wave01_in_home_public_use_codebook_questionnaire.pdf,18,1,grade,1,Review this page first; keyword density suggests possible relevant variable entries.,No
1,Sample alignment,GRADE,Socioecological model,School grade at Wave I,Wave I,Critical,add_health_wave01_in_home_public_use_codebook_questionnaire.pdf,50,1,grade,2,Review this page first; keyword density suggests possible relevant variable entries.,No
1,Sample alignment,GRADE,Socioecological model,School grade at Wave I,Wave I,Critical,add_health_wave01_in_home_public_use_codebook_questionnaire.pdf,51,1,grade,3,Review this page first; keyword density suggests possible relevant variable entries.,No
1,Sample alignment,GRADE,Socioecological model,School grade at Wave I,Wave I,Critical,add_health_wave01_in_home_public_use_codebook_questionnaire.pdf,53,1,grade,4,Review this page first; keyword density suggests possible relevant variable entries.,No
1,Sample alignment,GRADE,Socioecological model,School grade at Wave I,Wave I,Critical,add_health_wave01_in_home_public_use_codebook_questionnaire.pdf,56,1,grade,5,Review this page first; keyword density suggests possible relevant variable entries.,No
1,Sample alignment,GRADE,Socioecological model,School grade at Wave I,Wave I,Critical,add_health_wave01_in_home_public_use_variable_description_frequencies.pdf,27,4,10th grade; 11th grade; 12th grade; grade,1,Review this page first; keyword density suggests possible relevant variable entries.,No
1,Sample alignment,GRADE,Socioecological model,School grade at Wave I,Wave I,Critical,add_health_wave01_in_home_public_use_variable_description_frequencies.pdf,494,2,12th grade; grade,2,Review this page first; keyword density suggests possible relevant variable entries.,No
1,Sample alignment,GRADE,Socioecological model,School grade at Wave I,Wave I,Critical,add_health_wave01_in_home_public_use_variable_description_frequencies.pdf,96,1,grade,3,Review this page first; keyword density suggests possible relevant variable entries.,No
1,Sample alignment,GRADE,Socioecological model,School grade at Wave I,Wave I,Critical,add_health_wave01_in_home_public_use_variable_description_frequencies.pdf,97,1,grade,4,Review this page first; keyword density suggests possible relevant variable entries.,No
1,Sample alignment,GRADE,Socioecological model,School grade at Wave I,Wave I,Critical,add_health_wave01_in_home_public_use_variable_description_frequencies.pdf,98,1,grade,5,Review this page first; keyword density suggests possible relevant variable entries.,No
1,Sample alignment,GRADE,Socioecological model,School grade at Wave I,Wave I,Critical,add_health_wave02_in_home_public_use_codebook_questionnaire.pdf,8,1,grade,1,Review this page first; keyword density suggests possible relevant variable entries.,No
1,Sample alignment,GRADE,Socioecological model,School grade at Wave I,Wave I,Critical,add_health_wave02_in_home_public_use_codebook_questionnaire.pdf,9,1,grade,2,Review this page first; keyword density suggests possible relevant variable entries.,No
1,Sample alignment,GRADE,Socioecological model,School grade at Wave I,Wave I,Critical,add_health_wave02_in_home_public_use_codebook_questionnaire.pdf,56,1,grade,3,Review this page first; keyword density suggests possible relevant variable entries.,No
1,Sample alignment,GRADE,Socioecological model,School grade at Wave I,Wave I,Critical,add_health_wave02_in_home_public_use_codebook_questionnaire.pdf,57,1,grade,4,Review this page first; keyword density suggests possible relevant variable entries.,No
1,Sample alignment,GRADE,Socioecological model,School grade at Wave I,Wave I,Critical,add_health_wave02_in_home_public_use_codebook_questionnaire.pdf,58,1,grade,5,Review this page first; keyword density suggests possible relevant variable entries.,No
1,Sample alignment,GRADE,Socioecological model,School grade at Wave I,Wave I,Critical,add_health_wave03_in_home_public_use_codebook_questionnaire.pdf,202,4,10th grade; 11th grade; 12th grade; grade,1,Review this page first; keyword density suggests possible relevant variable entries.,No
1,Sample alignment,GRADE,Socioecological model,School grade at Wave I,Wave I,Critical,add_health_wave03_in_home_public_use_codebook_questionnaire.pdf,217,4,10th grade; 11th grade; 12th grade; grade,2,Review this page first; keyword density suggests possible relevant variable entries.,No
1,Sample alignment,GRADE,Socioecological model,School grade at Wave I,Wave I,Critical,add_health_wave03_in_home_public_use_codebook_questionnaire.pdf,29,1,grade,3,Review this page first; keyword density suggests possible relevant variable entries.,No
1,Sample alignment,GRADE,Socioecological model,School grade at Wave I,Wave I,Critical,add_health_wave03_in_home_public_use_codebook_questionnaire.pdf,141,1,grade,4,Review this page first; keyword density suggests possible relevant variable entries.,No
1,Sample alignment,GRADE,Socioecological model,School grade at Wave I,Wave I,Critical,add_health_wave03_in_home_public_use_codebook_questionnaire.pdf,216,1,grade,5,Review this page first; keyword density suggests possible relevant variable entries.,No
2,Sample alignment,AGE,Socioecological model,Age at Wave I,Wave I,Critical,add_health_wave01_in_home_public_use_codebook_questionnaire.pdf,4,1,age,1,Review this page first; keyword density suggests possible relevant variable entries.,No
2,Sample alignment,AGE,Socioecological model,Age at Wave I,Wave I,Critical,add_health_wave01_in_home_public_use_codebook_questionnaire.pdf,7,1,age,2,Review this page first; keyword density suggests possible relevant variable entries.,No
2,Sample alignment,AGE,Socioecological model,Age at Wave I,Wave I,Critical,add_health_wave01_in_home_public_use_codebook_questionnaire.pdf,13,1,age,3,Review this page first; keyword density suggests possible relevant variable entries.,No
2,Sample alignment,AGE,Socioecological model,Age at Wave I,Wave I,Critical,add_health_wave01_in_home_public_use_codebook_questionnaire.pdf,17,1,age,4,Review this page first; keyword density suggests possible relevant variable entries.,No
2,Sample alignment,AGE,Socioecological model,Age at Wave I,Wave I,Critical,add_health_wave01_in_home_public_use_codebook_questionnaire.pdf,38,1,age,5,Review this page first; keyword density suggests possible relevant variable entries.,No
2,Sample alignment,AGE,Socioecological model,Age at Wave I,Wave I,Critical,add_health_wave01_in_home_public_use_variable_description_frequencies.pdf,3,1,age,1,Review this page first; keyword density suggests possible relevant variable entries.,No
2,Sample alignment,AGE,Socioecological model,Age at Wave I,Wave I,Critical,add_health_wave01_in_home_public_use_variable_description_frequencies.pdf,10,1,age,2,Review this page first; keyword density suggests possible relevant variable entries.,No
2,Sample alignment,AGE,Socioecological model,Age at Wave I,Wave I,Critical,add_health_wave01_in_home_public_use_variable_description_frequencies.pdf,21,1,age,3,Review this page first; keyword density suggests possible relevant variable entries.,No
2,Sample alignment,AGE,Socioecological model,Age at Wave I,Wave I,Critical,add_health_wave01_in_home_public_use_variable_description_frequencies.pdf,25,1,age,4,Review this page first; keyword density suggests possible relevant variable entries.,No
2,Sample alignment,AGE,Socioecological model,Age at Wave I,Wave I,Critical,add_health_wave01_in_home_public_use_variable_description_frequencies.pdf,33,1,age,5,Review this page first; keyword density suggests possible relevant variable entries.,No
2,Sample alignment,AGE,Socioecological model,Age at Wave I,Wave I,Critical,add_health_wave02_in_home_public_use_codebook_questionnaire.pdf,4,1,age,1,Review this page first; keyword density suggests possible relevant variable entries.,No
2,Sample alignment,AGE,Socioecological model,Age at Wave I,Wave I,Critical,add_health_wave02_in_home_public_use_codebook_questionnaire.pdf,7,1,age,2,Review this page first; keyword density suggests possible relevant variable entries.,No
2,Sample alignment,AGE,Socioecological model,Age at Wave I,Wave I,Critical,add_health_wave02_in_home_public_use_codebook_questionnaire.pdf,8,1,age,3,Review this page first; keyword density suggests possible relevant variable entries.,No
2,Sample alignment,AGE,Socioecological model,Age at Wave I,Wave I,Critical,add_health_wave02_in_home_public_use_codebook_questionnaire.pdf,30,1,age,4,Review this page first; keyword density suggests possible relevant variable entries.,No
2,Sample alignment,AGE,Socioecological model,Age at Wave I,Wave I,Critical,add_health_wave02_in_home_public_use_codebook_questionnaire.pdf,31,1,age,5,Review this page first; keyword density suggests possible relevant variable entries.,No
2,Sample alignment,AGE,Socioecological model,Age at Wave I,Wave I,Critical,add_health_wave03_in_home_public_use_codebook_questionnaire.pdf,4,1,date of birth,1,Review this page first; keyword density suggests possible relevant variable entries.,No
2,Sample alignment,AGE,Socioecological model,Age at Wave I,Wave I,Critical,add_health_wave03_in_home_public_use_codebook_questionnaire.pdf,25,1,age,2,Review this page first; keyword density suggests possible relevant variable entries.,No
2,Sample alignment,AGE,Socioecological model,Age at Wave I,Wave I,Critical,add_health_wave03_in_home_public_use_codebook_questionnaire.pdf,26,1,age,3,Review this page first; keyword density suggests possible relevant variable entries.,No
2,Sample alignment,AGE,Socioecological model,Age at Wave I,Wave I,Critical,add_health_wave03_in_home_public_use_codebook_questionnaire.pdf,99,1,age,4,Review this page first; keyword density suggests possible relevant variable entries.,No
2,Sample alignment,AGE,Socioecological model,Age at Wave I,Wave I,Critical,add_health_wave03_in_home_public_use_codebook_questionnaire.pdf,101,1,age,5,Review this page first; keyword density suggests possible relevant variable entries.,No
3,Demographics,GEN,Socioecological model,Sex or gender,Wave I,High,add_health_wave01_in_home_public_use_codebook_questionnaire.pdf,186,3,female; male; sex,1,Review this page first; keyword density suggests possible relevant variable entries.,No
3,Demographics,GEN,Socioecological model,Sex or gender,Wave I,High,add_health_wave01_in_home_public_use_codebook_questionnaire.pdf,256,3,female; male; sex,2,Review this page first; keyword density suggests possible relevant variable entries.,No
3,Demographics,GEN,Socioecological model,Sex or gender,Wave I,High,add_health_wave01_in_home_public_use_codebook_questionnaire.pdf,264,3,female; male; sex,3,Review this page first; keyword density suggests possible relevant variable entries.,No
3,Demographics,GEN,Socioecological model,Sex or gender,Wave I,High,add_health_wave01_in_home_public_use_codebook_questionnaire.pdf,287,3,female; male; sex,4,Review this page first; keyword density suggests possible relevant variable entries.,No
3,Demographics,GEN,Socioecological model,Sex or gender,Wave I,High,add_health_wave01_in_home_public_use_codebook_questionnaire.pdf,293,3,female; male; sex,5,Review this page first; keyword density suggests possible relevant variable entries.,No
3,Demographics,GEN,Socioecological model,Sex or gender,Wave I,High,add_health_wave01_in_home_public_use_variable_description_frequencies.pdf,513,4,female; gender; male; sex,1,Review this page first; keyword density suggests possible relevant variable entries.,No
3,Demographics,GEN,Socioecological model,Sex or gender,Wave I,High,add_health_wave01_in_home_public_use_variable_description_frequencies.pdf,577,4,female; gender; male; sex,2,Review this page first; keyword density suggests possible relevant variable entries.,No
3,Demographics,GEN,Socioecological model,Sex or gender,Wave I,High,add_health_wave01_in_home_public_use_variable_description_frequencies.pdf,638,4,female; gender; male; sex,3,Review this page first; keyword density suggests possible relevant variable entries.,No
3,Demographics,GEN,Socioecological model,Sex or gender,Wave I,High,add_health_wave01_in_home_public_use_variable_description_frequencies.pdf,708,4,female; gender; male; sex,4,Review this page first; keyword density suggests possible relevant variable entries.,No
3,Demographics,GEN,Socioecological model,Sex or gender,Wave I,High,add_health_wave01_in_home_public_use_variable_description_frequencies.pdf,748,4,female; gender; male; sex,5,Review this page first; keyword density suggests possible relevant variable entries.,No
3,Demographics,GEN,Socioecological model,Sex or gender,Wave I,High,add_health_wave02_in_home_public_use_codebook_questionnaire.pdf,68,3,female; male; sex,1,Review this page first; keyword density suggests possible relevant variable entries.,No
3,Demographics,GEN,Socioecological model,Sex or gender,Wave I,High,add_health_wave02_in_home_public_use_codebook_questionnaire.pdf,72,3,female; male; sex,2,Review this page first; keyword density suggests possible relevant variable entries.,No
3,Demographics,GEN,Socioecological model,Sex or gender,Wave I,High,add_health_wave02_in_home_public_use_codebook_questionnaire.pdf,73,3,female; male; sex,3,Review this page first; keyword density suggests possible relevant variable entries.,No
3,Demographics,GEN,Socioecological model,Sex or gender,Wave I,High,add_health_wave02_in_home_public_use_codebook_questionnaire.pdf,210,3,female; male; sex,4,Review this page first; keyword density suggests possible relevant variable entries.,No
3,Demographics,GEN,Socioecological model,Sex or gender,Wave I,High,add_health_wave02_in_home_public_use_codebook_questionnaire.pdf,218,3,female; male; sex,5,Review this page first; keyword density suggests possible relevant variable entries.,No
3,Demographics,GEN,Socioecological model,Sex or gender,Wave I,High,add_health_wave03_in_home_public_use_codebook_questionnaire.pdf,4,3,female; gender; male,1,Review this page first; keyword density suggests possible relevant variable entries.,No
3,Demographics,GEN,Socioecological model,Sex or gender,Wave I,High,add_health_wave03_in_home_public_use_codebook_questionnaire.pdf,46,3,female; male; sex,2,Review this page first; keyword density suggests possible relevant variable entries.,No
3,Demographics,GEN,Socioecological model,Sex or gender,Wave I,High,add_health_wave03_in_home_public_use_codebook_questionnaire.pdf,55,3,female; male; sex,3,Review this page first; keyword density suggests possible relevant variable entries.,No
3,Demographics,GEN,Socioecological model,Sex or gender,Wave I,High,add_health_wave03_in_home_public_use_codebook_questionnaire.pdf,382,3,female; male; sex,4,Review this page first; keyword density suggests possible relevant variable entries.,No
3,Demographics,GEN,Socioecological model,Sex or gender,Wave I,High,add_health_wave03_in_home_public_use_codebook_questionnaire.pdf,479,3,female; male; sex,5,Review this page first; keyword density suggests possible relevant variable entries.,No
4,Household socioeconomic status,AFL1-AFL4,Socioecological model,Household assets and family socioeconomic status,Wave I,High,add_health_wave01_in_home_public_use_codebook_questionnaire.pdf,89,3,car; computer; household,1,Review this page first; keyword density suggests possible relevant variable entries.,No
4,Household socioeconomic status,AFL1-AFL4,Socioecological model,Household assets and family socioeconomic status,Wave I,High,add_health_wave01_in_home_public_use_codebook_questionnaire.pdf,40,2,car; vehicle,2,Review this page first; keyword density suggests possible relevant variable entries.,No
4,Household socioeconomic status,AFL1-AFL4,Socioecological model,Household assets and family socioeconomic status,Wave I,High,add_health_wave01_in_home_public_use_codebook_questionnaire.pdf,93,2,car; household,3,Review this page first; keyword density suggests possible relevant variable entries.,No
4,Household socioeconomic status,AFL1-AFL4,Socioecological model,Household assets and family socioeconomic status,Wave I,High,add_health_wave01_in_home_public_use_codebook_questionnaire.pdf,97,2,car; household,4,Review this page first; keyword density suggests possible relevant variable entries.,No
4,Household socioeconomic status,AFL1-AFL4,Socioecological model,Household assets and family socioeconomic status,Wave I,High,add_health_wave01_in_home_public_use_codebook_questionnaire.pdf,101,2,car; household,5,Review this page first; keyword density suggests possible relevant variable entries.,No
4,Household socioeconomic status,AFL1-AFL4,Socioecological model,Household assets and family socioeconomic status,Wave I,High,add_health_wave01_in_home_public_use_variable_description_frequencies.pdf,73,2,car; vehicle,1,Review this page first; keyword density suggests possible relevant variable entries.,No
4,Household socioeconomic status,AFL1-AFL4,Socioecological model,Household assets and family socioeconomic status,Wave I,High,add_health_wave01_in_home_public_use_variable_description_frequencies.pdf,323,2,car; computer,2,Review this page first; keyword density suggests possible relevant variable entries.,No
4,Household socioeconomic status,AFL1-AFL4,Socioecological model,Household assets and family socioeconomic status,Wave I,High,add_health_wave01_in_home_public_use_variable_description_frequencies.pdf,333,2,car; computer,3,Review this page first; keyword density suggests possible relevant variable entries.,No
4,Household socioeconomic status,AFL1-AFL4,Socioecological model,Household assets and family socioeconomic status,Wave I,High,add_health_wave01_in_home_public_use_variable_description_frequencies.pdf,1216,2,car; computer,4,Review this page first; keyword density suggests possible relevant variable entries.,No
4,Household socioeconomic status,AFL1-AFL4,Socioecological model,Household assets and family socioeconomic status,Wave I,High,add_health_wave01_in_home_public_use_variable_description_frequencies.pdf,1220,2,car; computer,5,Review this page first; keyword density suggests possible relevant variable entries.,No
4,Household socioeconomic status,AFL1-AFL4,Socioecological model,Household assets and family socioeconomic status,Wave I,High,add_health_wave02_in_home_public_use_codebook_questionnaire.pdf,127,3,car; computer; household,1,Review this page first; keyword density suggests possible relevant variable entries.,No
4,Household socioeconomic status,AFL1-AFL4,Socioecological model,Household assets and family socioeconomic status,Wave I,High,add_health_wave02_in_home_public_use_codebook_questionnaire.pdf,132,3,car; computer; household,2,Review this page first; keyword density suggests possible relevant variable entries.,No
4,Household socioeconomic status,AFL1-AFL4,Socioecological model,Household assets and family socioeconomic status,Wave I,High,add_health_wave02_in_home_public_use_codebook_questionnaire.pdf,134,3,car; computer; household,3,Review this page first; keyword density suggests possible relevant variable entries.,No
4,Household socioeconomic status,AFL1-AFL4,Socioecological model,Household assets and family socioeconomic status,Wave I,High,add_health_wave02_in_home_public_use_codebook_questionnaire.pdf,82,2,computer; household,4,Review this page first; keyword density suggests possible relevant variable entries.,No
4,Household socioeconomic status,AFL1-AFL4,Socioecological model,Household assets and family socioeconomic status,Wave I,High,add_health_wave02_in_home_public_use_codebook_questionnaire.pdf,84,2,car; household,5,Review this page first; keyword density suggests possible relevant variable entries.,No
4,Household socioeconomic status,AFL1-AFL4,Socioecological model,Household assets and family socioeconomic status,Wave I,High,add_health_wave03_in_home_public_use_codebook_questionnaire.pdf,219,2,car; computer,1,Review this page first; keyword density suggests possible relevant variable entries.,No
4,Household socioeconomic status,AFL1-AFL4,Socioecological model,Household assets and family socioeconomic status,Wave I,High,add_health_wave03_in_home_public_use_codebook_questionnaire.pdf,229,2,car; computer,2,Review this page first; keyword density suggests possible relevant variable entries.,No
4,Household socioeconomic status,AFL1-AFL4,Socioecological model,Household assets and family socioeconomic status,Wave I,High,add_health_wave03_in_home_public_use_codebook_questionnaire.pdf,251,2,car; computer,3,Review this page first; keyword density suggests possible relevant variable entries.,No
4,Household socioeconomic status,AFL1-AFL4,Socioecological model,Household assets and family socioeconomic status,Wave I,High,add_health_wave03_in_home_public_use_codebook_questionnaire.pdf,276,2,car; computer,4,Review this page first; keyword density suggests possible relevant variable entries.,No
4,Household socioeconomic status,AFL1-AFL4,Socioecological model,Household assets and family socioeconomic status,Wave I,High,add_health_wave03_in_home_public_use_codebook_questionnaire.pdf,318,2,car; vehicle,5,Review this page first; keyword density suggests possible relevant variable entries.,No
5,Sexual initiation,SEX_EVER; ISX1,Behavioural risk model,Ever had sex and age at first sex,Wave I to Wave III,Critical,add_health_wave01_in_home_public_use_codebook_questionnaire.pdf,256,2,ever had sex; sexual intercourse,1,Review this page first; keyword density suggests possible relevant variable entries.,No
5,Sexual initiation,SEX_EVER; ISX1,Behavioural risk model,Ever had sex and age at first sex,Wave I to Wave III,Critical,add_health_wave01_in_home_public_use_codebook_questionnaire.pdf,822,2,ever had sex; sexual intercourse,2,Review this page first; keyword density suggests possible relevant variable entries.,No
5,Sexual initiation,SEX_EVER; ISX1,Behavioural risk model,Ever had sex and age at first sex,Wave I to Wave III,Critical,add_health_wave01_in_home_public_use_codebook_questionnaire.pdf,80,1,sexual intercourse,3,Review this page first; keyword density suggests possible relevant variable entries.,No
5,Sexual initiation,SEX_EVER; ISX1,Behavioural risk model,Ever had sex and age at first sex,Wave I to Wave III,Critical,add_health_wave01_in_home_public_use_codebook_questionnaire.pdf,81,1,sexual intercourse,4,Review this page first; keyword density suggests possible relevant variable entries.,No
5,Sexual initiation,SEX_EVER; ISX1,Behavioural risk model,Ever had sex and age at first sex,Wave I to Wave III,Critical,add_health_wave01_in_home_public_use_codebook_questionnaire.pdf,184,1,sexual intercourse,5,Review this page first; keyword density suggests possible relevant variable entries.,No
5,Sexual initiation,SEX_EVER; ISX1,Behavioural risk model,Ever had sex and age at first sex,Wave I to Wave III,Critical,add_health_wave01_in_home_public_use_variable_description_frequencies.pdf,465,2,ever had sex; sexual intercourse,1,Review this page first; keyword density suggests possible relevant variable entries.,No
5,Sexual initiation,SEX_EVER; ISX1,Behavioural risk model,Ever had sex and age at first sex,Wave I to Wave III,Critical,add_health_wave01_in_home_public_use_variable_description_frequencies.pdf,761,2,ever had sex; sexual intercourse,2,Review this page first; keyword density suggests possible relevant variable entries.,No
5,Sexual initiation,SEX_EVER; ISX1,Behavioural risk model,Ever had sex and age at first sex,Wave I to Wave III,Critical,add_health_wave01_in_home_public_use_variable_description_frequencies.pdf,853,2,ever had sex; sexual intercourse,3,Review this page first; keyword density suggests possible relevant variable entries.,No
5,Sexual initiation,SEX_EVER; ISX1,Behavioural risk model,Ever had sex and age at first sex,Wave I to Wave III,Critical,add_health_wave01_in_home_public_use_variable_description_frequencies.pdf,940,2,ever had sex; sexual intercourse,4,Review this page first; keyword density suggests possible relevant variable entries.,No
5,Sexual initiation,SEX_EVER; ISX1,Behavioural risk model,Ever had sex and age at first sex,Wave I to Wave III,Critical,add_health_wave01_in_home_public_use_variable_description_frequencies.pdf,1017,2,first sex; sexual intercourse,5,Review this page first; keyword density suggests possible relevant variable entries.,No
5,Sexual initiation,SEX_EVER; ISX1,Behavioural risk model,Ever had sex and age at first sex,Wave I to Wave III,Critical,add_health_wave02_in_home_public_use_codebook_questionnaire.pdf,210,2,ever had sex; sexual intercourse,1,Review this page first; keyword density suggests possible relevant variable entries.,No
5,Sexual initiation,SEX_EVER; ISX1,Behavioural risk model,Ever had sex and age at first sex,Wave I to Wave III,Critical,add_health_wave02_in_home_public_use_codebook_questionnaire.pdf,73,1,sexual intercourse,2,Review this page first; keyword density suggests possible relevant variable entries.,No
5,Sexual initiation,SEX_EVER; ISX1,Behavioural risk model,Ever had sex and age at first sex,Wave I to Wave III,Critical,add_health_wave02_in_home_public_use_codebook_questionnaire.pdf,74,1,sexual intercourse,3,Review this page first; keyword density suggests possible relevant variable entries.,No
5,Sexual initiation,SEX_EVER; ISX1,Behavioural risk model,Ever had sex and age at first sex,Wave I to Wave III,Critical,add_health_wave02_in_home_public_use_codebook_questionnaire.pdf,75,1,sexual intercourse,4,Review this page first; keyword density suggests possible relevant variable entries.,No
5,Sexual initiation,SEX_EVER; ISX1,Behavioural risk model,Ever had sex and age at first sex,Wave I to Wave III,Critical,add_health_wave02_in_home_public_use_codebook_questionnaire.pdf,148,1,sexual intercourse,5,Review this page first; keyword density suggests possible relevant variable entries.,No
5,Sexual initiation,SEX_EVER; ISX1,Behavioural risk model,Ever had sex and age at first sex,Wave I to Wave III,Critical,add_health_wave03_in_home_public_use_codebook_questionnaire.pdf,480,1,ever had sex,1,Review this page first; keyword density suggests possible relevant variable entries.,No
5,Sexual initiation,SEX_EVER; ISX1,Behavioural risk model,Ever had sex and age at first sex,Wave I to Wave III,Critical,add_health_wave03_in_home_public_use_codebook_questionnaire.pdf,481,1,ever had sex,2,Review this page first; keyword density suggests possible relevant variable entries.,No
7,Condom use,ISX3; APC; AEF; IPC,Health Belief Model / Theory of Planned Behaviour,Condom use and intention to use condom,Wave I to Wave III,Critical,add_health_wave01_in_home_public_use_codebook_questionnaire.pdf,352,3,condom; condom use; used condom,1,Review this page first; keyword density suggests possible relevant variable entries.,No
7,Condom use,ISX3; APC; AEF; IPC,Health Belief Model / Theory of Planned Behaviour,Condom use and intention to use condom,Wave I to Wave III,Critical,add_health_wave01_in_home_public_use_codebook_questionnaire.pdf,389,3,condom; condom use; used condom,2,Review this page first; keyword density suggests possible relevant variable entries.,No
7,Condom use,ISX3; APC; AEF; IPC,Health Belief Model / Theory of Planned Behaviour,Condom use and intention to use condom,Wave I to Wave III,Critical,add_health_wave01_in_home_public_use_codebook_questionnaire.pdf,431,3,condom; condom use; used condom,3,Review this page first; keyword density suggests possible relevant variable entries.,No
7,Condom use,ISX3; APC; AEF; IPC,Health Belief Model / Theory of Planned Behaviour,Condom use and intention to use condom,Wave I to Wave III,Critical,add_health_wave01_in_home_public_use_codebook_questionnaire.pdf,485,3,condom; condom use; used condom,4,Review this page first; keyword density suggests possible relevant variable entries.,No
7,Condom use,ISX3; APC; AEF; IPC,Health Belief Model / Theory of Planned Behaviour,Condom use and intention to use condom,Wave I to Wave III,Critical,add_health_wave01_in_home_public_use_codebook_questionnaire.pdf,531,3,condom; condom use; used condom,5,Review this page first; keyword density suggests possible relevant variable entries.,No
7,Condom use,ISX3; APC; AEF; IPC,Health Belief Model / Theory of Planned Behaviour,Condom use and intention to use condom,Wave I to Wave III,Critical,add_health_wave01_in_home_public_use_variable_description_frequencies.pdf,544,3,condom; condom use; used condom,1,Review this page first; keyword density suggests possible relevant variable entries.,No
7,Condom use,ISX3; APC; AEF; IPC,Health Belief Model / Theory of Planned Behaviour,Condom use and intention to use condom,Wave I to Wave III,Critical,add_health_wave01_in_home_public_use_variable_description_frequencies.pdf,668,3,condom; condom use; used condom,2,Review this page first; keyword density suggests possible relevant variable entries.,No
7,Condom use,ISX3; APC; AEF; IPC,Health Belief Model / Theory of Planned Behaviour,Condom use and intention to use condom,Wave I to Wave III,Critical,add_health_wave01_in_home_public_use_variable_description_frequencies.pdf,738,3,condom; condom use; used condom,3,Review this page first; keyword density suggests possible relevant variable entries.,No
7,Condom use,ISX3; APC; AEF; IPC,Health Belief Model / Theory of Planned Behaviour,Condom use and intention to use condom,Wave I to Wave III,Critical,add_health_wave01_in_home_public_use_variable_description_frequencies.pdf,767,3,condom; condom use; used condom,4,Review this page first; keyword density suggests possible relevant variable entries.,No
7,Condom use,ISX3; APC; AEF; IPC,Health Belief Model / Theory of Planned Behaviour,Condom use and intention to use condom,Wave I to Wave III,Critical,add_health_wave01_in_home_public_use_variable_description_frequencies.pdf,770,3,condom; condom use; used condom,5,Review this page first; keyword density suggests possible relevant variable entries.,No
7,Condom use,ISX3; APC; AEF; IPC,Health Belief Model / Theory of Planned Behaviour,Condom use and intention to use condom,Wave I to Wave III,Critical,add_health_wave02_in_home_public_use_codebook_questionnaire.pdf,263,3,condom; condom use; used condom,1,Review this page first; keyword density suggests possible relevant variable entries.,No
7,Condom use,ISX3; APC; AEF; IPC,Health Belief Model / Theory of Planned Behaviour,Condom use and intention to use condom,Wave I to Wave III,Critical,add_health_wave02_in_home_public_use_codebook_questionnaire.pdf,308,3,condom; condom use; used condom,2,Review this page first; keyword density suggests possible relevant variable entries.,No
7,Condom use,ISX3; APC; AEF; IPC,Health Belief Model / Theory of Planned Behaviour,Condom use and intention to use condom,Wave I to Wave III,Critical,add_health_wave02_in_home_public_use_codebook_questionnaire.pdf,348,3,condom; condom use; used condom,3,Review this page first; keyword density suggests possible relevant variable entries.,No
7,Condom use,ISX3; APC; AEF; IPC,Health Belief Model / Theory of Planned Behaviour,Condom use and intention to use condom,Wave I to Wave III,Critical,add_health_wave02_in_home_public_use_codebook_questionnaire.pdf,393,3,condom; condom use; used condom,4,Review this page first; keyword density suggests possible relevant variable entries.,No
7,Condom use,ISX3; APC; AEF; IPC,Health Belief Model / Theory of Planned Behaviour,Condom use and intention to use condom,Wave I to Wave III,Critical,add_health_wave02_in_home_public_use_codebook_questionnaire.pdf,417,3,condom; condom use; used condom,5,Review this page first; keyword density suggests possible relevant variable entries.,No
7,Condom use,ISX3; APC; AEF; IPC,Health Belief Model / Theory of Planned Behaviour,Condom use and intention to use condom,Wave I to Wave III,Critical,add_health_wave03_in_home_public_use_codebook_questionnaire.pdf,453,1,condom,1,Review this page first; keyword density suggests possible relevant variable entries.,No
7,Condom use,ISX3; APC; AEF; IPC,Health Belief Model / Theory of Planned Behaviour,Condom use and intention to use condom,Wave I to Wave III,Critical,add_health_wave03_in_home_public_use_codebook_questionnaire.pdf,477,1,condom,2,Review this page first; keyword density suggests possible relevant variable entries.,No
7,Condom use,ISX3; APC; AEF; IPC,Health Belief Model / Theory of Planned Behaviour,Condom use and intention to use condom,Wave I to Wave III,Critical,add_health_wave03_in_home_public_use_codebook_questionnaire.pdf,478,1,condom,3,Review this page first; keyword density suggests possible relevant variable entries.,No
7,Condom use,ISX3; APC; AEF; IPC,Health Belief Model / Theory of Planned Behaviour,Condom use and intention to use condom,Wave I to Wave III,Critical,add_health_wave03_in_home_public_use_codebook_questionnaire.pdf,493,1,condom,4,Review this page first; keyword density suggests possible relevant variable entries.,No
7,Condom use,ISX3; APC; AEF; IPC,Health Belief Model / Theory of Planned Behaviour,Condom use and intention to use condom,Wave I to Wave III,Critical,add_health_wave03_in_home_public_use_codebook_questionnaire.pdf,494,1,condom,5,Review this page first; keyword density suggests possible relevant variable entries.,No
8,Contraceptive use,ISX3; APC; EPC; IPC,Theory of Planned Behaviour,Contraception and birth control,Wave I to Wave III,Critical,add_health_wave01_in_home_public_use_codebook_questionnaire.pdf,258,4,birth control; contraceptive; method; pill,1,Review this page first; keyword density suggests possible relevant variable entries.,No
8,Contraceptive use,ISX3; APC; EPC; IPC,Theory of Planned Behaviour,Contraception and birth control,Wave I to Wave III,Critical,add_health_wave01_in_home_public_use_codebook_questionnaire.pdf,259,4,birth control; contraceptive; method; pill,2,Review this page first; keyword density suggests possible relevant variable entries.,No
8,Contraceptive use,ISX3; APC; EPC; IPC,Theory of Planned Behaviour,Contraception and birth control,Wave I to Wave III,Critical,add_health_wave01_in_home_public_use_codebook_questionnaire.pdf,262,4,birth control; contraceptive; method; pill,3,Review this page first; keyword density suggests possible relevant variable entries.,No
8,Contraceptive use,ISX3; APC; EPC; IPC,Theory of Planned Behaviour,Contraception and birth control,Wave I to Wave III,Critical,add_health_wave01_in_home_public_use_codebook_questionnaire.pdf,263,4,birth control; contraceptive; method; pill,4,Review this page first; keyword density suggests possible relevant variable entries.,No
8,Contraceptive use,ISX3; APC; EPC; IPC,Theory of Planned Behaviour,Contraception and birth control,Wave I to Wave III,Critical,add_health_wave01_in_home_public_use_codebook_questionnaire.pdf,265,4,birth control; contraceptive; method; pill,5,Review this page first; keyword density suggests possible relevant variable entries.,No
8,Contraceptive use,ISX3; APC; EPC; IPC,Theory of Planned Behaviour,Contraception and birth control,Wave I to Wave III,Critical,add_health_wave01_in_home_public_use_variable_description_frequencies.pdf,467,4,birth control; contraceptive; method; pill,1,Review this page first; keyword density suggests possible relevant variable entries.,No
8,Contraceptive use,ISX3; APC; EPC; IPC,Theory of Planned Behaviour,Contraception and birth control,Wave I to Wave III,Critical,add_health_wave01_in_home_public_use_variable_description_frequencies.pdf,468,4,birth control; contraceptive; method; pill,2,Review this page first; keyword density suggests possible relevant variable entries.,No
8,Contraceptive use,ISX3; APC; EPC; IPC,Theory of Planned Behaviour,Contraception and birth control,Wave I to Wave III,Critical,add_health_wave01_in_home_public_use_variable_description_frequencies.pdf,469,4,birth control; contraceptive; method; pill,3,Review this page first; keyword density suggests possible relevant variable entries.,No
8,Contraceptive use,ISX3; APC; EPC; IPC,Theory of Planned Behaviour,Contraception and birth control,Wave I to Wave III,Critical,add_health_wave01_in_home_public_use_variable_description_frequencies.pdf,472,4,birth control; contraceptive; method; pill,4,Review this page first; keyword density suggests possible relevant variable entries.,No
8,Contraceptive use,ISX3; APC; EPC; IPC,Theory of Planned Behaviour,Contraception and birth control,Wave I to Wave III,Critical,add_health_wave01_in_home_public_use_variable_description_frequencies.pdf,473,4,birth control; contraceptive; method; pill,5,Review this page first; keyword density suggests possible relevant variable entries.,No
8,Contraceptive use,ISX3; APC; EPC; IPC,Theory of Planned Behaviour,Contraception and birth control,Wave I to Wave III,Critical,add_health_wave02_in_home_public_use_codebook_questionnaire.pdf,212,4,birth control; contraceptive; method; pill,1,Review this page first; keyword density suggests possible relevant variable entries.,No
8,Contraceptive use,ISX3; APC; EPC; IPC,Theory of Planned Behaviour,Contraception and birth control,Wave I to Wave III,Critical,add_health_wave02_in_home_public_use_codebook_questionnaire.pdf,213,4,birth control; contraceptive; method; pill,2,Review this page first; keyword density suggests possible relevant variable entries.,No
8,Contraceptive use,ISX3; APC; EPC; IPC,Theory of Planned Behaviour,Contraception and birth control,Wave I to Wave III,Critical,add_health_wave02_in_home_public_use_codebook_questionnaire.pdf,215,4,birth control; contraceptive; method; pill,3,Review this page first; keyword density suggests possible relevant variable entries.,No
8,Contraceptive use,ISX3; APC; EPC; IPC,Theory of Planned Behaviour,Contraception and birth control,Wave I to Wave III,Critical,add_health_wave02_in_home_public_use_codebook_questionnaire.pdf,216,4,birth control; contraceptive; method; pill,4,Review this page first; keyword density suggests possible relevant variable entries.,No
8,Contraceptive use,ISX3; APC; EPC; IPC,Theory of Planned Behaviour,Contraception and birth control,Wave I to Wave III,Critical,add_health_wave02_in_home_public_use_codebook_questionnaire.pdf,219,4,birth control; contraceptive; method; pill,5,Review this page first; keyword density suggests possible relevant variable entries.,No
8,Contraceptive use,ISX3; APC; EPC; IPC,Theory of Planned Behaviour,Contraception and birth control,Wave I to Wave III,Critical,add_health_wave03_in_home_public_use_codebook_questionnaire.pdf,492,3,birth control; contraception; pill,1,Review this page first; keyword density suggests possible relevant variable entries.,No
8,Contraceptive use,ISX3; APC; EPC; IPC,Theory of Planned Behaviour,Contraception and birth control,Wave I to Wave III,Critical,add_health_wave03_in_home_public_use_codebook_questionnaire.pdf,493,2,method; pill,2,Review this page first; keyword density suggests possible relevant variable entries.,No
8,Contraceptive use,ISX3; APC; EPC; IPC,Theory of Planned Behaviour,Contraception and birth control,Wave I to Wave III,Critical,add_health_wave03_in_home_public_use_codebook_questionnaire.pdf,252,1,method,3,Review this page first; keyword density suggests possible relevant variable entries.,No
8,Contraceptive use,ISX3; APC; EPC; IPC,Theory of Planned Behaviour,Contraception and birth control,Wave I to Wave III,Critical,add_health_wave03_in_home_public_use_codebook_questionnaire.pdf,253,1,method,4,Review this page first; keyword density suggests possible relevant variable entries.,No
8,Contraceptive use,ISX3; APC; EPC; IPC,Theory of Planned Behaviour,Contraception and birth control,Wave I to Wave III,Critical,add_health_wave03_in_home_public_use_codebook_questionnaire.pdf,282,1,method,5,Review this page first; keyword density suggests possible relevant variable entries.,No
9,Pregnancy outcome,Pregnancy-related outcome,Behavioural risk / reproductive health,Pregnancy history or pregnancy outcome,Wave I to Wave IV,Critical,add_health_wave01_in_home_public_use_codebook_questionnaire.pdf,611,4,birth; got pregnant; pregnancy; pregnant,1,Review this page first; keyword density suggests possible relevant variable entries.,No
9,Pregnancy outcome,Pregnancy-related outcome,Behavioural risk / reproductive health,Pregnancy history or pregnancy outcome,Wave I to Wave IV,Critical,add_health_wave01_in_home_public_use_codebook_questionnaire.pdf,612,4,birth; got pregnant; pregnancy; pregnant,2,Review this page first; keyword density suggests possible relevant variable entries.,No
9,Pregnancy outcome,Pregnancy-related outcome,Behavioural risk / reproductive health,Pregnancy history or pregnancy outcome,Wave I to Wave IV,Critical,add_health_wave01_in_home_public_use_codebook_questionnaire.pdf,614,4,birth; got pregnant; pregnancy; pregnant,3,Review this page first; keyword density suggests possible relevant variable entries.,No
9,Pregnancy outcome,Pregnancy-related outcome,Behavioural risk / reproductive health,Pregnancy history or pregnancy outcome,Wave I to Wave IV,Critical,add_health_wave01_in_home_public_use_codebook_questionnaire.pdf,615,4,birth; got pregnant; pregnancy; pregnant,4,Review this page first; keyword density suggests possible relevant variable entries.,No
9,Pregnancy outcome,Pregnancy-related outcome,Behavioural risk / reproductive health,Pregnancy history or pregnancy outcome,Wave I to Wave IV,Critical,add_health_wave01_in_home_public_use_codebook_questionnaire.pdf,617,4,birth; got pregnant; pregnancy; pregnant,5,Review this page first; keyword density suggests possible relevant variable entries.,No
9,Pregnancy outcome,Pregnancy-related outcome,Behavioural risk / reproductive health,Pregnancy history or pregnancy outcome,Wave I to Wave IV,Critical,add_health_wave01_in_home_public_use_variable_description_frequencies.pdf,1059,4,birth; pregnancy; pregnancy outcome; pregnant,1,Review this page first; keyword density suggests possible relevant variable entries.,No
9,Pregnancy outcome,Pregnancy-related outcome,Behavioural risk / reproductive health,Pregnancy history or pregnancy outcome,Wave I to Wave IV,Critical,add_health_wave01_in_home_public_use_variable_description_frequencies.pdf,1066,4,birth; pregnancy; pregnancy outcome; pregnant,2,Review this page first; keyword density suggests possible relevant variable entries.,No
9,Pregnancy outcome,Pregnancy-related outcome,Behavioural risk / reproductive health,Pregnancy history or pregnancy outcome,Wave I to Wave IV,Critical,add_health_wave01_in_home_public_use_variable_description_frequencies.pdf,1071,4,birth; pregnancy; pregnancy outcome; pregnant,3,Review this page first; keyword density suggests possible relevant variable entries.,No
9,Pregnancy outcome,Pregnancy-related outcome,Behavioural risk / reproductive health,Pregnancy history or pregnancy outcome,Wave I to Wave IV,Critical,add_health_wave01_in_home_public_use_variable_description_frequencies.pdf,149,3,birth; pregnancy; pregnant,4,Review this page first; keyword density suggests possible relevant variable entries.,No
9,Pregnancy outcome,Pregnancy-related outcome,Behavioural risk / reproductive health,Pregnancy history or pregnancy outcome,Wave I to Wave IV,Critical,add_health_wave01_in_home_public_use_variable_description_frequencies.pdf,1052,3,birth; pregnancy; pregnant,5,Review this page first; keyword density suggests possible relevant variable entries.,No
9,Pregnancy outcome,Pregnancy-related outcome,Behavioural risk / reproductive health,Pregnancy history or pregnancy outcome,Wave I to Wave IV,Critical,add_health_wave02_in_home_public_use_codebook_questionnaire.pdf,582,4,birth; got pregnant; pregnancy; pregnant,1,Review this page first; keyword density suggests possible relevant variable entries.,No
9,Pregnancy outcome,Pregnancy-related outcome,Behavioural risk / reproductive health,Pregnancy history or pregnancy outcome,Wave I to Wave IV,Critical,add_health_wave02_in_home_public_use_codebook_questionnaire.pdf,589,4,birth; got pregnant; pregnancy; pregnant,2,Review this page first; keyword density suggests possible relevant variable entries.,No
9,Pregnancy outcome,Pregnancy-related outcome,Behavioural risk / reproductive health,Pregnancy history or pregnancy outcome,Wave I to Wave IV,Critical,add_health_wave02_in_home_public_use_codebook_questionnaire.pdf,594,4,birth; got pregnant; pregnancy; pregnant,3,Review this page first; keyword density suggests possible relevant variable entries.,No
9,Pregnancy outcome,Pregnancy-related outcome,Behavioural risk / reproductive health,Pregnancy history or pregnancy outcome,Wave I to Wave IV,Critical,add_health_wave02_in_home_public_use_codebook_questionnaire.pdf,595,4,birth; got pregnant; pregnancy; pregnant,4,Review this page first; keyword density suggests possible relevant variable entries.,No
9,Pregnancy outcome,Pregnancy-related outcome,Behavioural risk / reproductive health,Pregnancy history or pregnancy outcome,Wave I to Wave IV,Critical,add_health_wave02_in_home_public_use_codebook_questionnaire.pdf,578,3,birth; pregnancy; pregnant,5,Review this page first; keyword density suggests possible relevant variable entries.,No
9,Pregnancy outcome,Pregnancy-related outcome,Behavioural risk / reproductive health,Pregnancy history or pregnancy outcome,Wave I to Wave IV,Critical,add_health_wave03_in_home_public_use_codebook_questionnaire.pdf,4,1,birth,1,Review this page first; keyword density suggests possible relevant variable entries.,No
9,Pregnancy outcome,Pregnancy-related outcome,Behavioural risk / reproductive health,Pregnancy history or pregnancy outcome,Wave I to Wave IV,Critical,add_health_wave03_in_home_public_use_codebook_questionnaire.pdf,105,1,birth,2,Review this page first; keyword density suggests possible relevant variable entries.,No
9,Pregnancy outcome,Pregnancy-related outcome,Behavioural risk / reproductive health,Pregnancy history or pregnancy outcome,Wave I to Wave IV,Critical,add_health_wave03_in_home_public_use_codebook_questionnaire.pdf,106,1,birth,3,Review this page first; keyword density suggests possible relevant variable entries.,No
9,Pregnancy outcome,Pregnancy-related outcome,Behavioural risk / reproductive health,Pregnancy history or pregnancy outcome,Wave I to Wave IV,Critical,add_health_wave03_in_home_public_use_codebook_questionnaire.pdf,108,1,birth,4,Review this page first; keyword density suggests possible relevant variable entries.,No
9,Pregnancy outcome,Pregnancy-related outcome,Behavioural risk / reproductive health,Pregnancy history or pregnancy outcome,Wave I to Wave IV,Critical,add_health_wave03_in_home_public_use_codebook_questionnaire.pdf,111,1,birth,5,Review this page first; keyword density suggests possible relevant variable entries.,No
10,HIV/STI outcome,HIV-related outcome,Health Belief Model / reproductive health,"HIV, AIDS, STI, STD testing or diagnosis",Wave I to Wave III,Critical,add_health_wave01_in_home_public_use_codebook_questionnaire.pdf,79,4,AIDS; sexually transmitted; STD; STI,1,Review this page first; keyword density suggests possible relevant variable entries.,No
10,HIV/STI outcome,HIV-related outcome,Health Belief Model / reproductive health,"HIV, AIDS, STI, STD testing or diagnosis",Wave I to Wave III,Critical,add_health_wave01_in_home_public_use_codebook_questionnaire.pdf,268,4,AIDS; HIV; sexually transmitted; STI,2,Review this page first; keyword density suggests possible relevant variable entries.,No
10,HIV/STI outcome,HIV-related outcome,Health Belief Model / reproductive health,"HIV, AIDS, STI, STD testing or diagnosis",Wave I to Wave III,Critical,add_health_wave01_in_home_public_use_codebook_questionnaire.pdf,76,3,AIDS; STI; test,3,Review this page first; keyword density suggests possible relevant variable entries.,No
10,HIV/STI outcome,HIV-related outcome,Health Belief Model / reproductive health,"HIV, AIDS, STI, STD testing or diagnosis",Wave I to Wave III,Critical,add_health_wave01_in_home_public_use_codebook_questionnaire.pdf,270,3,AIDS; HIV; STI,4,Review this page first; keyword density suggests possible relevant variable entries.,No
10,HIV/STI outcome,HIV-related outcome,Health Belief Model / reproductive health,"HIV, AIDS, STI, STD testing or diagnosis",Wave I to Wave III,Critical,add_health_wave01_in_home_public_use_codebook_questionnaire.pdf,641,3,AIDS; HIV; STI,5,Review this page first; keyword density suggests possible relevant variable entries.,No
10,HIV/STI outcome,HIV-related outcome,Health Belief Model / reproductive health,"HIV, AIDS, STI, STD testing or diagnosis",Wave I to Wave III,Critical,add_health_wave01_in_home_public_use_variable_description_frequencies.pdf,142,5,AIDS; sexually transmitted; STD; STI; test,1,Review this page first; keyword density suggests possible relevant variable entries.,No
10,HIV/STI outcome,HIV-related outcome,Health Belief Model / reproductive health,"HIV, AIDS, STI, STD testing or diagnosis",Wave I to Wave III,Critical,add_health_wave01_in_home_public_use_variable_description_frequencies.pdf,4,2,HIV; STI,2,Review this page first; keyword density suggests possible relevant variable entries.,No
10,HIV/STI outcome,HIV-related outcome,Health Belief Model / reproductive health,"HIV, AIDS, STI, STD testing or diagnosis",Wave I to Wave III,Critical,add_health_wave01_in_home_public_use_variable_description_frequencies.pdf,75,2,sexually transmitted; STD,3,Review this page first; keyword density suggests possible relevant variable entries.,No
10,HIV/STI outcome,HIV-related outcome,Health Belief Model / reproductive health,"HIV, AIDS, STI, STD testing or diagnosis",Wave I to Wave III,Critical,add_health_wave01_in_home_public_use_variable_description_frequencies.pdf,120,2,AIDS; STI,4,Review this page first; keyword density suggests possible relevant variable entries.,No
10,HIV/STI outcome,HIV-related outcome,Health Belief Model / reproductive health,"HIV, AIDS, STI, STD testing or diagnosis",Wave I to Wave III,Critical,add_health_wave01_in_home_public_use_variable_description_frequencies.pdf,143,2,STI; test,5,Review this page first; keyword density suggests possible relevant variable entries.,No
10,HIV/STI outcome,HIV-related outcome,Health Belief Model / reproductive health,"HIV, AIDS, STI, STD testing or diagnosis",Wave I to Wave III,Critical,add_health_wave02_in_home_public_use_codebook_questionnaire.pdf,68,4,AIDS; sexually transmitted; STI; test,1,Review this page first; keyword density suggests possible relevant variable entries.,No
10,HIV/STI outcome,HIV-related outcome,Health Belief Model / reproductive health,"HIV, AIDS, STI, STD testing or diagnosis",Wave I to Wave III,Critical,add_health_wave02_in_home_public_use_codebook_questionnaire.pdf,71,4,AIDS; sexually transmitted; STD; STI,2,Review this page first; keyword density suggests possible relevant variable entries.,No
10,HIV/STI outcome,HIV-related outcome,Health Belief Model / reproductive health,"HIV, AIDS, STI, STD testing or diagnosis",Wave I to Wave III,Critical,add_health_wave02_in_home_public_use_codebook_questionnaire.pdf,73,3,AIDS; sexually transmitted; STI,3,Review this page first; keyword density suggests possible relevant variable entries.,No
10,HIV/STI outcome,HIV-related outcome,Health Belief Model / reproductive health,"HIV, AIDS, STI, STD testing or diagnosis",Wave I to Wave III,Critical,add_health_wave02_in_home_public_use_codebook_questionnaire.pdf,222,3,AIDS; HIV; STI,4,Review this page first; keyword density suggests possible relevant variable entries.,No
10,HIV/STI outcome,HIV-related outcome,Health Belief Model / reproductive health,"HIV, AIDS, STI, STD testing or diagnosis",Wave I to Wave III,Critical,add_health_wave02_in_home_public_use_codebook_questionnaire.pdf,617,3,AIDS; HIV; STI,5,Review this page first; keyword density suggests possible relevant variable entries.,No
10,HIV/STI outcome,HIV-related outcome,Health Belief Model / reproductive health,"HIV, AIDS, STI, STD testing or diagnosis",Wave I to Wave III,Critical,add_health_wave03_in_home_public_use_codebook_questionnaire.pdf,490,4,HIV; sexually transmitted; STD; STI,1,Review this page first; keyword density suggests possible relevant variable entries.,No
10,HIV/STI outcome,HIV-related outcome,Health Belief Model / reproductive health,"HIV, AIDS, STI, STD testing or diagnosis",Wave I to Wave III,Critical,add_health_wave03_in_home_public_use_codebook_questionnaire.pdf,494,4,sexually transmitted; STD; STI; test,2,Review this page first; keyword density suggests possible relevant variable entries.,No
10,HIV/STI outcome,HIV-related outcome,Health Belief Model / reproductive health,"HIV, AIDS, STI, STD testing or diagnosis",Wave I to Wave III,Critical,add_health_wave03_in_home_public_use_codebook_questionnaire.pdf,473,3,AIDS; HIV; STI,3,Review this page first; keyword density suggests possible relevant variable entries.,No
10,HIV/STI outcome,HIV-related outcome,Health Belief Model / reproductive health,"HIV, AIDS, STI, STD testing or diagnosis",Wave I to Wave III,Critical,add_health_wave03_in_home_public_use_codebook_questionnaire.pdf,475,3,sexually transmitted; STD; STI,4,Review this page first; keyword density suggests possible relevant variable entries.,No
10,HIV/STI outcome,HIV-related outcome,Health Belief Model / reproductive health,"HIV, AIDS, STI, STD testing or diagnosis",Wave I to Wave III,Critical,add_health_wave03_in_home_public_use_codebook_questionnaire.pdf,484,3,AIDS; HIV; STI,5,Review this page first; keyword density suggests possible relevant variable entries.,No
11,HIV/AIDS knowledge,INA1-INA4; CVS1-CVS9,Health Belief Model,HIV/AIDS knowledge and information exposure,Wave I to Wave III,High,add_health_wave03_in_home_public_use_codebook_questionnaire.pdf,271,1,transmission,1,Review this page first; keyword density suggests possible relevant variable entries.,No
11,HIV/AIDS knowledge,INA1-INA4; CVS1-CVS9,Health Belief Model,HIV/AIDS knowledge and information exposure,Wave I to Wave III,High,add_health_wave03_in_home_public_use_codebook_questionnaire.pdf,317,1,prevention,2,Review this page first; keyword density suggests possible relevant variable entries.,No
11,HIV/AIDS knowledge,INA1-INA4; CVS1-CVS9,Health Belief Model,HIV/AIDS knowledge and information exposure,Wave I to Wave III,High,add_health_wave03_in_home_public_use_codebook_questionnaire.pdf,337,1,prevention,3,Review this page first; keyword density suggests possible relevant variable entries.,No
12,Perceived susceptibility,SUP1-SUP4,Health Belief Model,Perceived HIV/STI risk,Wave I to Wave III,High,add_health_wave01_in_home_public_use_codebook_questionnaire.pdf,238,1,worry,1,Review this page first; keyword density suggests possible relevant variable entries.,No
12,Perceived susceptibility,SUP1-SUP4,Health Belief Model,Perceived HIV/STI risk,Wave I to Wave III,High,add_health_wave01_in_home_public_use_codebook_questionnaire.pdf,293,1,worry,2,Review this page first; keyword density suggests possible relevant variable entries.,No
12,Perceived susceptibility,SUP1-SUP4,Health Belief Model,Perceived HIV/STI risk,Wave I to Wave III,High,add_health_wave01_in_home_public_use_codebook_questionnaire.pdf,335,1,worry,3,Review this page first; keyword density suggests possible relevant variable entries.,No
12,Perceived susceptibility,SUP1-SUP4,Health Belief Model,Perceived HIV/STI risk,Wave I to Wave III,High,add_health_wave01_in_home_public_use_codebook_questionnaire.pdf,374,1,worry,4,Review this page first; keyword density suggests possible relevant variable entries.,No
12,Perceived susceptibility,SUP1-SUP4,Health Belief Model,Perceived HIV/STI risk,Wave I to Wave III,High,add_health_wave01_in_home_public_use_codebook_questionnaire.pdf,414,1,worry,5,Review this page first; keyword density suggests possible relevant variable entries.,No
12,Perceived susceptibility,SUP1-SUP4,Health Belief Model,Perceived HIV/STI risk,Wave I to Wave III,High,add_health_wave01_in_home_public_use_variable_description_frequencies.pdf,150,1,risk of AIDS,1,Review this page first; keyword density suggests possible relevant variable entries.,No
12,Perceived susceptibility,SUP1-SUP4,Health Belief Model,Perceived HIV/STI risk,Wave I to Wave III,High,add_health_wave02_in_home_public_use_codebook_questionnaire.pdf,244,1,worry,1,Review this page first; keyword density suggests possible relevant variable entries.,No
12,Perceived susceptibility,SUP1-SUP4,Health Belief Model,Perceived HIV/STI risk,Wave I to Wave III,High,add_health_wave02_in_home_public_use_codebook_questionnaire.pdf,292,1,worry,2,Review this page first; keyword density suggests possible relevant variable entries.,No
12,Perceived susceptibility,SUP1-SUP4,Health Belief Model,Perceived HIV/STI risk,Wave I to Wave III,High,add_health_wave02_in_home_public_use_codebook_questionnaire.pdf,333,1,worry,3,Review this page first; keyword density suggests possible relevant variable entries.,No
12,Perceived susceptibility,SUP1-SUP4,Health Belief Model,Perceived HIV/STI risk,Wave I to Wave III,High,add_health_wave02_in_home_public_use_codebook_questionnaire.pdf,376,1,worry,4,Review this page first; keyword density suggests possible relevant variable entries.,No
12,Perceived susceptibility,SUP1-SUP4,Health Belief Model,Perceived HIV/STI risk,Wave I to Wave III,High,add_health_wave02_in_home_public_use_codebook_questionnaire.pdf,440,1,worry,5,Review this page first; keyword density suggests possible relevant variable entries.,No
12,Perceived susceptibility,SUP1-SUP4,Health Belief Model,Perceived HIV/STI risk,Wave I to Wave III,High,add_health_wave03_in_home_public_use_codebook_questionnaire.pdf,491,1,worried,1,Review this page first; keyword density suggests possible relevant variable entries.,No
13,Perceived severity,SEP1-SEP4,Health Belief Model,Perceived seriousness of HIV/AIDS,Wave I to Wave III,Medium,add_health_wave01_in_home_public_use_codebook_questionnaire.pdf,42,1,serious,1,Review this page first; keyword density suggests possible relevant variable entries.,No
13,Perceived severity,SEP1-SEP4,Health Belief Model,Perceived seriousness of HIV/AIDS,Wave I to Wave III,Medium,add_health_wave01_in_home_public_use_codebook_questionnaire.pdf,149,1,serious,2,Review this page first; keyword density suggests possible relevant variable entries.,No
13,Perceived severity,SEP1-SEP4,Health Belief Model,Perceived seriousness of HIV/AIDS,Wave I to Wave III,Medium,add_health_wave01_in_home_public_use_codebook_questionnaire.pdf,157,1,serious,3,Review this page first; keyword density suggests possible relevant variable entries.,No
13,Perceived severity,SEP1-SEP4,Health Belief Model,Perceived seriousness of HIV/AIDS,Wave I to Wave III,Medium,add_health_wave01_in_home_public_use_codebook_questionnaire.pdf,180,1,serious,4,Review this page first; keyword density suggests possible relevant variable entries.,No
13,Perceived severity,SEP1-SEP4,Health Belief Model,Perceived seriousness of HIV/AIDS,Wave I to Wave III,Medium,add_health_wave01_in_home_public_use_codebook_questionnaire.pdf,182,1,serious,5,Review this page first; keyword density suggests possible relevant variable entries.,No
13,Perceived severity,SEP1-SEP4,Health Belief Model,Perceived seriousness of HIV/AIDS,Wave I to Wave III,Medium,add_health_wave01_in_home_public_use_variable_description_frequencies.pdf,81,1,serious,1,Review this page first; keyword density suggests possible relevant variable entries.,No
13,Perceived severity,SEP1-SEP4,Health Belief Model,Perceived seriousness of HIV/AIDS,Wave I to Wave III,Medium,add_health_wave01_in_home_public_use_variable_description_frequencies.pdf,304,1,serious,2,Review this page first; keyword density suggests possible relevant variable entries.,No
13,Perceived severity,SEP1-SEP4,Health Belief Model,Perceived seriousness of HIV/AIDS,Wave I to Wave III,Medium,add_health_wave01_in_home_public_use_variable_description_frequencies.pdf,317,1,serious,3,Review this page first; keyword density suggests possible relevant variable entries.,No
13,Perceived severity,SEP1-SEP4,Health Belief Model,Perceived seriousness of HIV/AIDS,Wave I to Wave III,Medium,add_health_wave01_in_home_public_use_variable_description_frequencies.pdf,351,1,serious,4,Review this page first; keyword density suggests possible relevant variable entries.,No
13,Perceived severity,SEP1-SEP4,Health Belief Model,Perceived seriousness of HIV/AIDS,Wave I to Wave III,Medium,add_health_wave01_in_home_public_use_variable_description_frequencies.pdf,356,1,serious,5,Review this page first; keyword density suggests possible relevant variable entries.,No
13,Perceived severity,SEP1-SEP4,Health Belief Model,Perceived seriousness of HIV/AIDS,Wave I to Wave III,Medium,add_health_wave02_in_home_public_use_codebook_questionnaire.pdf,34,1,serious,1,Review this page first; keyword density suggests possible relevant variable entries.,No
13,Perceived severity,SEP1-SEP4,Health Belief Model,Perceived seriousness of HIV/AIDS,Wave I to Wave III,Medium,add_health_wave02_in_home_public_use_codebook_questionnaire.pdf,119,1,serious,2,Review this page first; keyword density suggests possible relevant variable entries.,No
13,Perceived severity,SEP1-SEP4,Health Belief Model,Perceived seriousness of HIV/AIDS,Wave I to Wave III,Medium,add_health_wave02_in_home_public_use_codebook_questionnaire.pdf,124,1,serious,3,Review this page first; keyword density suggests possible relevant variable entries.,No
13,Perceived severity,SEP1-SEP4,Health Belief Model,Perceived seriousness of HIV/AIDS,Wave I to Wave III,Medium,add_health_wave02_in_home_public_use_codebook_questionnaire.pdf,144,1,serious,4,Review this page first; keyword density suggests possible relevant variable entries.,No
13,Perceived severity,SEP1-SEP4,Health Belief Model,Perceived seriousness of HIV/AIDS,Wave I to Wave III,Medium,add_health_wave02_in_home_public_use_codebook_questionnaire.pdf,146,1,serious,5,Review this page first; keyword density suggests possible relevant variable entries.,No
13,Perceived severity,SEP1-SEP4,Health Belief Model,Perceived seriousness of HIV/AIDS,Wave I to Wave III,Medium,add_health_wave03_in_home_public_use_codebook_questionnaire.pdf,412,1,death,1,Review this page first; keyword density suggests possible relevant variable entries.,No
13,Perceived severity,SEP1-SEP4,Health Belief Model,Perceived seriousness of HIV/AIDS,Wave I to Wave III,Medium,add_health_wave03_in_home_public_use_codebook_questionnaire.pdf,627,1,serious,2,Review this page first; keyword density suggests possible relevant variable entries.,No
13,Perceived severity,SEP1-SEP4,Health Belief Model,Perceived seriousness of HIV/AIDS,Wave I to Wave III,Medium,add_health_wave03_in_home_public_use_codebook_questionnaire.pdf,666,1,serious,3,Review this page first; keyword density suggests possible relevant variable entries.,No
14,Perceived benefits,BEP1-BEP4,Health Belief Model,Benefits of condom use or prevention,Wave I to Wave III,High,add_health_wave03_in_home_public_use_codebook_questionnaire.pdf,406,1,abstain,1,Review this page first; keyword density suggests possible relevant variable entries.,No
14,Perceived benefits,BEP1-BEP4,Health Belief Model,Benefits of condom use or prevention,Wave I to Wave III,High,add_health_wave03_in_home_public_use_codebook_questionnaire.pdf,614,1,abstain,2,Review this page first; keyword density suggests possible relevant variable entries.,No
15,Perceived barriers,BAP1-BAP3,Health Belief Model,Barriers to condom use or prevention,Wave I to Wave III,High,add_health_wave01_in_home_public_use_codebook_questionnaire.pdf,72,1,access,1,Review this page first; keyword density suggests possible relevant variable entries.,No
15,Perceived barriers,BAP1-BAP3,Health Belief Model,Barriers to condom use or prevention,Wave I to Wave III,High,add_health_wave01_in_home_public_use_codebook_questionnaire.pdf,558,1,access,2,Review this page first; keyword density suggests possible relevant variable entries.,No
15,Perceived barriers,BAP1-BAP3,Health Belief Model,Barriers to condom use or prevention,Wave I to Wave III,High,add_health_wave01_in_home_public_use_codebook_questionnaire.pdf,671,1,access,3,Review this page first; keyword density suggests possible relevant variable entries.,No
15,Perceived barriers,BAP1-BAP3,Health Belief Model,Barriers to condom use or prevention,Wave I to Wave III,High,add_health_wave01_in_home_public_use_codebook_questionnaire.pdf,672,1,access,4,Review this page first; keyword density suggests possible relevant variable entries.,No
15,Perceived barriers,BAP1-BAP3,Health Belief Model,Barriers to condom use or prevention,Wave I to Wave III,High,add_health_wave01_in_home_public_use_codebook_questionnaire.pdf,676,1,embarrassed,5,Review this page first; keyword density suggests possible relevant variable entries.,No
15,Perceived barriers,BAP1-BAP3,Health Belief Model,Barriers to condom use or prevention,Wave I to Wave III,High,add_health_wave01_in_home_public_use_variable_description_frequencies.pdf,1187,2,access; embarrassed,1,Review this page first; keyword density suggests possible relevant variable entries.,No
15,Perceived barriers,BAP1-BAP3,Health Belief Model,Barriers to condom use or prevention,Wave I to Wave III,High,add_health_wave01_in_home_public_use_variable_description_frequencies.pdf,1007,1,access,2,Review this page first; keyword density suggests possible relevant variable entries.,No
15,Perceived barriers,BAP1-BAP3,Health Belief Model,Barriers to condom use or prevention,Wave I to Wave III,High,add_health_wave01_in_home_public_use_variable_description_frequencies.pdf,1174,1,access,3,Review this page first; keyword density suggests possible relevant variable entries.,No
15,Perceived barriers,BAP1-BAP3,Health Belief Model,Barriers to condom use or prevention,Wave I to Wave III,High,add_health_wave01_in_home_public_use_variable_description_frequencies.pdf,1176,1,access,4,Review this page first; keyword density suggests possible relevant variable entries.,No
15,Perceived barriers,BAP1-BAP3,Health Belief Model,Barriers to condom use or prevention,Wave I to Wave III,High,add_health_wave01_in_home_public_use_variable_description_frequencies.pdf,1184,1,embarrassed,5,Review this page first; keyword density suggests possible relevant variable entries.,No
15,Perceived barriers,BAP1-BAP3,Health Belief Model,Barriers to condom use or prevention,Wave I to Wave III,High,add_health_wave02_in_home_public_use_codebook_questionnaire.pdf,655,2,access; embarrassed,1,Review this page first; keyword density suggests possible relevant variable entries.,No
15,Perceived barriers,BAP1-BAP3,Health Belief Model,Barriers to condom use or prevention,Wave I to Wave III,High,add_health_wave02_in_home_public_use_codebook_questionnaire.pdf,63,1,access,2,Review this page first; keyword density suggests possible relevant variable entries.,No
15,Perceived barriers,BAP1-BAP3,Health Belief Model,Barriers to condom use or prevention,Wave I to Wave III,High,add_health_wave02_in_home_public_use_codebook_questionnaire.pdf,531,1,access,3,Review this page first; keyword density suggests possible relevant variable entries.,No
15,Perceived barriers,BAP1-BAP3,Health Belief Model,Barriers to condom use or prevention,Wave I to Wave III,High,add_health_wave02_in_home_public_use_codebook_questionnaire.pdf,648,1,access,4,Review this page first; keyword density suggests possible relevant variable entries.,No
15,Perceived barriers,BAP1-BAP3,Health Belief Model,Barriers to condom use or prevention,Wave I to Wave III,High,add_health_wave02_in_home_public_use_codebook_questionnaire.pdf,649,1,access,5,Review this page first; keyword density suggests possible relevant variable entries.,No
15,Perceived barriers,BAP1-BAP3,Health Belief Model,Barriers to condom use or prevention,Wave I to Wave III,High,add_health_wave03_in_home_public_use_codebook_questionnaire.pdf,352,1,embarrassed,1,Review this page first; keyword density suggests possible relevant variable entries.,No
15,Perceived barriers,BAP1-BAP3,Health Belief Model,Barriers to condom use or prevention,Wave I to Wave III,High,add_health_wave03_in_home_public_use_codebook_questionnaire.pdf,362,1,access,2,Review this page first; keyword density suggests possible relevant variable entries.,No
15,Perceived barriers,BAP1-BAP3,Health Belief Model,Barriers to condom use or prevention,Wave I to Wave III,High,add_health_wave03_in_home_public_use_codebook_questionnaire.pdf,453,1,access,3,Review this page first; keyword density suggests possible relevant variable entries.,No
16,Self-efficacy,AEF1-AEF7; EPC1-EPC3; EIS1-EIS3,Theory of Planned Behaviour / Health Belief Model,"Condom, contraception and refusal self-efficacy",Wave I to Wave III,Critical,add_health_wave01_in_home_public_use_codebook_questionnaire.pdf,82,1,self efficacy,1,Review this page first; keyword density suggests possible relevant variable entries.,No
16,Self-efficacy,AEF1-AEF7; EPC1-EPC3; EIS1-EIS3,Theory of Planned Behaviour / Health Belief Model,"Condom, contraception and refusal self-efficacy",Wave I to Wave III,Critical,add_health_wave01_in_home_public_use_codebook_questionnaire.pdf,678,1,self efficacy,2,Review this page first; keyword density suggests possible relevant variable entries.,No
16,Self-efficacy,AEF1-AEF7; EPC1-EPC3; EIS1-EIS3,Theory of Planned Behaviour / Health Belief Model,"Condom, contraception and refusal self-efficacy",Wave I to Wave III,Critical,add_health_wave01_in_home_public_use_variable_description_frequencies.pdf,1188,1,self efficacy,1,Review this page first; keyword density suggests possible relevant variable entries.,No
16,Self-efficacy,AEF1-AEF7; EPC1-EPC3; EIS1-EIS3,Theory of Planned Behaviour / Health Belief Model,"Condom, contraception and refusal self-efficacy",Wave I to Wave III,Critical,add_health_wave02_in_home_public_use_codebook_questionnaire.pdf,75,1,self efficacy,1,Review this page first; keyword density suggests possible relevant variable entries.,No
16,Self-efficacy,AEF1-AEF7; EPC1-EPC3; EIS1-EIS3,Theory of Planned Behaviour / Health Belief Model,"Condom, contraception and refusal self-efficacy",Wave I to Wave III,Critical,add_health_wave02_in_home_public_use_codebook_questionnaire.pdf,655,1,self efficacy,2,Review this page first; keyword density suggests possible relevant variable entries.,No
17,Attitudes,AIS1-AIS3; APC1-APC3,Theory of Planned Behaviour,"Attitudes toward sex, condom and contraception",Wave I to Wave III,High,add_health_wave01_in_home_public_use_codebook_questionnaire.pdf,625,1,attitude,1,Review this page first; keyword density suggests possible relevant variable entries.,No
17,Attitudes,AIS1-AIS3; APC1-APC3,Theory of Planned Behaviour,"Attitudes toward sex, condom and contraception",Wave I to Wave III,High,add_health_wave01_in_home_public_use_codebook_questionnaire.pdf,685,1,attitude,2,Review this page first; keyword density suggests possible relevant variable entries.,No
17,Attitudes,AIS1-AIS3; APC1-APC3,Theory of Planned Behaviour,"Attitudes toward sex, condom and contraception",Wave I to Wave III,High,add_health_wave01_in_home_public_use_variable_description_frequencies.pdf,1200,1,attitude,1,Review this page first; keyword density suggests possible relevant variable entries.,No
17,Attitudes,AIS1-AIS3; APC1-APC3,Theory of Planned Behaviour,"Attitudes toward sex, condom and contraception",Wave I to Wave III,High,add_health_wave02_in_home_public_use_codebook_questionnaire.pdf,601,1,attitude,1,Review this page first; keyword density suggests possible relevant variable entries.,No
17,Attitudes,AIS1-AIS3; APC1-APC3,Theory of Planned Behaviour,"Attitudes toward sex, condom and contraception",Wave I to Wave III,High,add_health_wave02_in_home_public_use_codebook_questionnaire.pdf,660,1,attitude,2,Review this page first; keyword density suggests possible relevant variable entries.,No
17,Attitudes,AIS1-AIS3; APC1-APC3,Theory of Planned Behaviour,"Attitudes toward sex, condom and contraception",Wave I to Wave III,High,add_health_wave03_in_home_public_use_codebook_questionnaire.pdf,410,1,attitude,1,Review this page first; keyword density suggests possible relevant variable entries.,No
17,Attitudes,AIS1-AIS3; APC1-APC3,Theory of Planned Behaviour,"Attitudes toward sex, condom and contraception",Wave I to Wave III,High,add_health_wave03_in_home_public_use_codebook_questionnaire.pdf,586,1,believe,2,Review this page first; keyword density suggests possible relevant variable entries.,No
17,Attitudes,AIS1-AIS3; APC1-APC3,Theory of Planned Behaviour,"Attitudes toward sex, condom and contraception",Wave I to Wave III,High,add_health_wave03_in_home_public_use_codebook_questionnaire.pdf,660,1,believe,3,Review this page first; keyword density suggests possible relevant variable entries.,No
18,Peer norms,NPP1-NPP3; NP4-NP6,Theory of Planned Behaviour / Socioecological model,Peer norms and peer sexual behaviour,Wave I to Wave III,Critical,add_health_wave01_in_home_public_use_codebook_questionnaire.pdf,20,1,friends,1,Review this page first; keyword density suggests possible relevant variable entries.,No
18,Peer norms,NPP1-NPP3; NP4-NP6,Theory of Planned Behaviour / Socioecological model,Peer norms and peer sexual behaviour,Wave I to Wave III,Critical,add_health_wave01_in_home_public_use_codebook_questionnaire.pdf,84,1,friends,2,Review this page first; keyword density suggests possible relevant variable entries.,No
18,Peer norms,NPP1-NPP3; NP4-NP6,Theory of Planned Behaviour / Socioecological model,Peer norms and peer sexual behaviour,Wave I to Wave III,Critical,add_health_wave01_in_home_public_use_codebook_questionnaire.pdf,184,1,friends,3,Review this page first; keyword density suggests possible relevant variable entries.,No
18,Peer norms,NPP1-NPP3; NP4-NP6,Theory of Planned Behaviour / Socioecological model,Peer norms and peer sexual behaviour,Wave I to Wave III,Critical,add_health_wave01_in_home_public_use_codebook_questionnaire.pdf,193,1,friends,4,Review this page first; keyword density suggests possible relevant variable entries.,No
18,Peer norms,NPP1-NPP3; NP4-NP6,Theory of Planned Behaviour / Socioecological model,Peer norms and peer sexual behaviour,Wave I to Wave III,Critical,add_health_wave01_in_home_public_use_codebook_questionnaire.pdf,194,1,friends,5,Review this page first; keyword density suggests possible relevant variable entries.,No
18,Peer norms,NPP1-NPP3; NP4-NP6,Theory of Planned Behaviour / Socioecological model,Peer norms and peer sexual behaviour,Wave I to Wave III,Critical,add_health_wave01_in_home_public_use_variable_description_frequencies.pdf,31,1,friends,1,Review this page first; keyword density suggests possible relevant variable entries.,No
18,Peer norms,NPP1-NPP3; NP4-NP6,Theory of Planned Behaviour / Socioecological model,Peer norms and peer sexual behaviour,Wave I to Wave III,Critical,add_health_wave01_in_home_public_use_variable_description_frequencies.pdf,153,1,friends,2,Review this page first; keyword density suggests possible relevant variable entries.,No
18,Peer norms,NPP1-NPP3; NP4-NP6,Theory of Planned Behaviour / Socioecological model,Peer norms and peer sexual behaviour,Wave I to Wave III,Critical,add_health_wave01_in_home_public_use_variable_description_frequencies.pdf,359,1,friends,3,Review this page first; keyword density suggests possible relevant variable entries.,No
18,Peer norms,NPP1-NPP3; NP4-NP6,Theory of Planned Behaviour / Socioecological model,Peer norms and peer sexual behaviour,Wave I to Wave III,Critical,add_health_wave01_in_home_public_use_variable_description_frequencies.pdf,371,1,friends,4,Review this page first; keyword density suggests possible relevant variable entries.,No
18,Peer norms,NPP1-NPP3; NP4-NP6,Theory of Planned Behaviour / Socioecological model,Peer norms and peer sexual behaviour,Wave I to Wave III,Critical,add_health_wave01_in_home_public_use_variable_description_frequencies.pdf,373,1,friends,5,Review this page first; keyword density suggests possible relevant variable entries.,No
18,Peer norms,NPP1-NPP3; NP4-NP6,Theory of Planned Behaviour / Socioecological model,Peer norms and peer sexual behaviour,Wave I to Wave III,Critical,add_health_wave02_in_home_public_use_codebook_questionnaire.pdf,15,1,friends,1,Review this page first; keyword density suggests possible relevant variable entries.,No
18,Peer norms,NPP1-NPP3; NP4-NP6,Theory of Planned Behaviour / Socioecological model,Peer norms and peer sexual behaviour,Wave I to Wave III,Critical,add_health_wave02_in_home_public_use_codebook_questionnaire.pdf,77,1,friends,2,Review this page first; keyword density suggests possible relevant variable entries.,No
18,Peer norms,NPP1-NPP3; NP4-NP6,Theory of Planned Behaviour / Socioecological model,Peer norms and peer sexual behaviour,Wave I to Wave III,Critical,add_health_wave02_in_home_public_use_codebook_questionnaire.pdf,148,1,friends,3,Review this page first; keyword density suggests possible relevant variable entries.,No
18,Peer norms,NPP1-NPP3; NP4-NP6,Theory of Planned Behaviour / Socioecological model,Peer norms and peer sexual behaviour,Wave I to Wave III,Critical,add_health_wave02_in_home_public_use_codebook_questionnaire.pdf,167,1,friends,4,Review this page first; keyword density suggests possible relevant variable entries.,No
18,Peer norms,NPP1-NPP3; NP4-NP6,Theory of Planned Behaviour / Socioecological model,Peer norms and peer sexual behaviour,Wave I to Wave III,Critical,add_health_wave02_in_home_public_use_codebook_questionnaire.pdf,175,1,friends,5,Review this page first; keyword density suggests possible relevant variable entries.,No
18,Peer norms,NPP1-NPP3; NP4-NP6,Theory of Planned Behaviour / Socioecological model,Peer norms and peer sexual behaviour,Wave I to Wave III,Critical,add_health_wave03_in_home_public_use_codebook_questionnaire.pdf,26,1,friends,1,Review this page first; keyword density suggests possible relevant variable entries.,No
18,Peer norms,NPP1-NPP3; NP4-NP6,Theory of Planned Behaviour / Socioecological model,Peer norms and peer sexual behaviour,Wave I to Wave III,Critical,add_health_wave03_in_home_public_use_codebook_questionnaire.pdf,141,1,friends,2,Review this page first; keyword density suggests possible relevant variable entries.,No
18,Peer norms,NPP1-NPP3; NP4-NP6,Theory of Planned Behaviour / Socioecological model,Peer norms and peer sexual behaviour,Wave I to Wave III,Critical,add_health_wave03_in_home_public_use_codebook_questionnaire.pdf,143,1,friends,3,Review this page first; keyword density suggests possible relevant variable entries.,No
18,Peer norms,NPP1-NPP3; NP4-NP6,Theory of Planned Behaviour / Socioecological model,Peer norms and peer sexual behaviour,Wave I to Wave III,Critical,add_health_wave03_in_home_public_use_codebook_questionnaire.pdf,144,1,friends,4,Review this page first; keyword density suggests possible relevant variable entries.,No
18,Peer norms,NPP1-NPP3; NP4-NP6,Theory of Planned Behaviour / Socioecological model,Peer norms and peer sexual behaviour,Wave I to Wave III,Critical,add_health_wave03_in_home_public_use_codebook_questionnaire.pdf,146,1,friends,5,Review this page first; keyword density suggests possible relevant variable entries.,No
19,Family monitoring,LFA1-LFA2,Socioecological model,Parental monitoring,Wave I,Critical,add_health_wave01_in_home_public_use_codebook_questionnaire.pdf,31,1,know who,1,Review this page first; keyword density suggests possible relevant variable entries.,No
19,Family monitoring,LFA1-LFA2,Socioecological model,Parental monitoring,Wave I,Critical,add_health_wave01_in_home_public_use_codebook_questionnaire.pdf,40,1,know who,2,Review this page first; keyword density suggests possible relevant variable entries.,No
19,Family monitoring,LFA1-LFA2,Socioecological model,Parental monitoring,Wave I,Critical,add_health_wave01_in_home_public_use_codebook_questionnaire.pdf,41,1,know who,3,Review this page first; keyword density suggests possible relevant variable entries.,No
19,Family monitoring,LFA1-LFA2,Socioecological model,Parental monitoring,Wave I,Critical,add_health_wave01_in_home_public_use_codebook_questionnaire.pdf,689,1,know who,4,Review this page first; keyword density suggests possible relevant variable entries.,No
19,Family monitoring,LFA1-LFA2,Socioecological model,Parental monitoring,Wave I,Critical,add_health_wave01_in_home_public_use_variable_description_frequencies.pdf,56,1,know who,1,Review this page first; keyword density suggests possible relevant variable entries.,No
19,Family monitoring,LFA1-LFA2,Socioecological model,Parental monitoring,Wave I,Critical,add_health_wave01_in_home_public_use_variable_description_frequencies.pdf,74,1,know who,2,Review this page first; keyword density suggests possible relevant variable entries.,No
19,Family monitoring,LFA1-LFA2,Socioecological model,Parental monitoring,Wave I,Critical,add_health_wave01_in_home_public_use_variable_description_frequencies.pdf,75,1,know who,3,Review this page first; keyword density suggests possible relevant variable entries.,No
19,Family monitoring,LFA1-LFA2,Socioecological model,Parental monitoring,Wave I,Critical,add_health_wave02_in_home_public_use_codebook_questionnaire.pdf,25,1,know who,1,Review this page first; keyword density suggests possible relevant variable entries.,No
19,Family monitoring,LFA1-LFA2,Socioecological model,Parental monitoring,Wave I,Critical,add_health_wave02_in_home_public_use_codebook_questionnaire.pdf,71,1,know who,2,Review this page first; keyword density suggests possible relevant variable entries.,No
19,Family monitoring,LFA1-LFA2,Socioecological model,Parental monitoring,Wave I,Critical,add_health_wave02_in_home_public_use_codebook_questionnaire.pdf,72,1,know who,3,Review this page first; keyword density suggests possible relevant variable entries.,No
19,Family monitoring,LFA1-LFA2,Socioecological model,Parental monitoring,Wave I,Critical,add_health_wave03_in_home_public_use_codebook_questionnaire.pdf,366,1,know who,1,Review this page first; keyword density suggests possible relevant variable entries.,No
20,Family support,LFA3,Socioecological model,Family support or connectedness,Wave I,High,add_health_wave01_in_home_public_use_codebook_questionnaire.pdf,629,1,parents care,1,Review this page first; keyword density suggests possible relevant variable entries.,No
20,Family support,LFA3,Socioecological model,Family support or connectedness,Wave I,High,add_health_wave01_in_home_public_use_variable_description_frequencies.pdf,1090,1,parents care,1,Review this page first; keyword density suggests possible relevant variable entries.,No
20,Family support,LFA3,Socioecological model,Family support or connectedness,Wave I,High,add_health_wave01_in_home_public_use_variable_description_frequencies.pdf,1405,1,talk to parents,2,Review this page first; keyword density suggests possible relevant variable entries.,No
20,Family support,LFA3,Socioecological model,Family support or connectedness,Wave I,High,add_health_wave02_in_home_public_use_codebook_questionnaire.pdf,604,1,parents care,1,Review this page first; keyword density suggests possible relevant variable entries.,No
21,School connectedness,Q01-Q07,Socioecological model,School connectedness and school climate,Wave I to Wave II,Critical,add_health_wave01_in_home_public_use_codebook_questionnaire.pdf,629,1,teachers care,1,Review this page first; keyword density suggests possible relevant variable entries.,No
21,School connectedness,Q01-Q07,Socioecological model,School connectedness and school climate,Wave I to Wave II,Critical,add_health_wave01_in_home_public_use_variable_description_frequencies.pdf,1090,1,teachers care,1,Review this page first; keyword density suggests possible relevant variable entries.,No
21,School connectedness,Q01-Q07,Socioecological model,School connectedness and school climate,Wave I to Wave II,Critical,add_health_wave02_in_home_public_use_codebook_questionnaire.pdf,604,1,teachers care,1,Review this page first; keyword density suggests possible relevant variable entries.,No
