priority_id,thesis_construct_block,thesis_item_codes,theoretical_model,add_health_target_domain,expected_wave_priority,mapping_priority,file_name,matched_pages,matched_keywords,candidate_variable_name,candidate_variable_label,add_health_response_categories,analytic_use,public_use_status,mapping_quality_initial,final_mapping_decision,reviewer_notes
1,Sample alignment,GRADE,Socioecological model,School grade at Wave I,Wave I,Critical,add_health_wave01_in_home_public_use_codebook_questionnaire.pdf,"18, 50, 51, 53, 56, 57, 58, 59, 144, 149, 152, 157, 159, 166, 180, 182, 210, 213, 215, 217, 220, 222, 225, 227, 229, 231, 275, 281, 282, 319, 325, 359, 360, 364, 365, 400, 405, 406, 455, 461, 508, 512, 603, 604, 605, 695, 698, 701, 702, 705, 708, 747, 748, 757, 793, 806",grade,to_be_confirmed_from_codebook_page,to_be_confirmed_from_codebook_page,NA,NA,likely_public_use_documentation,high_priority_strong_keyword_evidence,pending_manual_review,NA
1,Sample alignment,GRADE,Socioecological model,School grade at Wave I,Wave I,Critical,add_health_wave01_in_home_public_use_variable_description_frequencies.pdf,"27, 96, 97, 98, 99, 100, 101, 102, 103, 104, 105, 106, 107, 108, 109, 110, 111, 112, 297, 305, 309, 317, 320, 330, 352, 357, 396, 401, 405, 409, 413, 417, 421, 425, 429, 434, 493, 494, 503, 558, 567, 568, 620, 629, 630, 690, 699, 782, 783, 791, 792, 872, 880, 1046, 1047, 1048, 1207, 1212, 1213, 1214, 1215, 1219, 1224, 1319, 1389, 1413",10th grade; 11th grade; 12th grade; grade,to_be_confirmed_from_codebook_page,to_be_confirmed_from_codebook_page,NA,NA,likely_public_use_documentation,high_priority_strong_keyword_evidence,pending_manual_review,NA
1,Sample alignment,GRADE,Socioecological model,School grade at Wave I,Wave I,Critical,add_health_wave02_in_home_public_use_codebook_questionnaire.pdf,"8, 9, 56, 57, 58, 119, 124, 127, 132, 144, 146, 176, 177, 179, 180, 181, 182, 184, 185, 186, 187, 190, 191, 193, 194, 195, 196, 198, 199, 200, 201, 210, 218, 226, 227, 238, 239, 276, 286, 287, 318, 319, 328, 329, 361, 371, 372, 429, 436, 482, 487, 572, 573, 574",grade,to_be_confirmed_from_codebook_page,to_be_confirmed_from_codebook_page,NA,NA,likely_public_use_documentation,high_priority_strong_keyword_evidence,pending_manual_review,NA
1,Sample alignment,GRADE,Socioecological model,School grade at Wave I,Wave I,Critical,add_health_wave03_in_home_public_use_codebook_questionnaire.pdf,"29, 141, 202, 216, 217, 326, 341, 630",10th grade; 11th grade; 12th grade; grade,to_be_confirmed_from_codebook_page,to_be_confirmed_from_codebook_page,NA,NA,likely_public_use_documentation,high_priority_strong_keyword_evidence,pending_manual_review,NA
2,Sample alignment,AGE,Socioecological model,Age at Wave I,Wave I,Critical,add_health_wave01_in_home_public_use_codebook_questionnaire.pdf,"4, 7, 13, 17, 38, 57, 79, 80, 81, 82, 83, 92, 96, 100, 104, 108, 112, 115, 118, 121, 123, 126, 128, 130, 131, 133, 135, 136, 137, 139, 140, 162, 169, 184, 190, 203, 234, 251, 256, 275, 319, 359, 400, 455, 508, 551, 552, 554, 555, 556, 557, 558, 565, 583, 584, 604, 608, 609, 613, 616, 636, 641, 643, 644, 645, 647, 648, 649, 651, 652, 653, 654, 655, 656, 657, 658, 659, 660, 661, 662, 663, 669, 680, 687, 691, 692, 694, 696, 697, 701, 703, 706, 708, 724, 725, 726, 728, 747, 750, 764, 765, 767, 768, 769, 770, 771, 772, 773, 774, 775, 776, 777, 778, 779, 780, 781, 782, 805, 811, 812, 813, 814, 815, 818",age,to_be_confirmed_from_codebook_page,to_be_confirmed_from_codebook_page,NA,NA,likely_public_use_documentation,high_priority_strong_keyword_evidence,pending_manual_review,NA
2,Sample alignment,AGE,Socioecological model,Age at Wave I,Wave I,Critical,add_health_wave01_in_home_public_use_variable_description_frequencies.pdf,"3, 10, 21, 25, 33, 38, 61, 70, 79, 86, 110, 147, 148, 149, 150, 151, 152, 165, 166, 167, 173, 175, 176, 182, 183, 184, 189, 191, 192, 197, 199, 205, 206, 207, 212, 214, 220, 221, 222, 227, 228, 234, 235, 240, 241, 246, 247, 252, 253, 258, 259, 264, 269, 270, 275, 280, 285, 290, 291, 296, 299, 308, 311, 322, 323, 326, 332, 333, 336, 367, 393, 461, 491, 493, 554, 556, 557, 558, 616, 619, 620, 688, 689, 690, 746, 781, 782, 838, 871, 872, 925, 956, 958, 959, 963, 964, 965, 966, 967, 968, 969, 975, 976, 978, 982, 988, 991, 992, 993, 996, 999, 1001, 1004, 1010, 1012, 1046, 1047, 1049, 1051, 1052, 1059, 1066, 1071, 1100, 1104, 1106, 1107, 1109, 1112, 1113, 1115, 1116, 1117, 1118, 1121, 1122, 1123, 1124, 1125, 1128, 1129, 1130, 1131, 1134, 1135, 1136, 1137, 1138, 1140, 1141, 1142, 1143, 1144, 1146, 1147, 1148, 1149, 1150, 1151, 1152, 1153, 1155, 1156, 1157, 1158, 1171, 1172, 1173, 1192, 1204, 1212, 1216, 1220, 1223, 1224, 1267, 1268, 1270, 1273, 1305, 1307, 1332, 1333, 1337, 1339, 1340, 1341, 1342, 1343, 1344, 1345, 1346, 1347, 1348, 1349, 1350, 1351, 1352, 1353, 1354, 1355, 1356, 1357, 1358, 1359, 1360, 1361, 1362, 1363, 1364, 1365, 1366, 1367, 1368, 1369, 1371, 1409, 1422, 1423, 1424, 1425, 1426, 1427, 1428, 1429, 1430, 1435, 1442, 1453, 1474, 1480, 1482",age,to_be_confirmed_from_codebook_page,to_be_confirmed_from_codebook_page,NA,NA,likely_public_use_documentation,high_priority_strong_keyword_evidence,pending_manual_review,NA
2,Sample alignment,AGE,Socioecological model,Age at Wave I,Wave I,Critical,add_health_wave02_in_home_public_use_codebook_questionnaire.pdf,"4, 7, 8, 30, 31, 40, 43, 45, 46, 57, 72, 75, 76, 87, 90, 93, 96, 101, 103, 105, 106, 108, 109, 110, 111, 112, 113, 114, 128, 134, 148, 153, 154, 155, 169, 209, 226, 276, 318, 361, 429, 481, 525, 526, 528, 531, 537, 551, 553, 563, 573, 578, 585, 591, 612, 616, 617, 618, 619, 620, 621, 622, 623, 624, 625, 626, 627, 628, 629, 630, 631, 632, 633, 634, 635, 636, 637, 640, 641, 647, 657, 662, 665",age,to_be_confirmed_from_codebook_page,to_be_confirmed_from_codebook_page,NA,NA,likely_public_use_documentation,high_priority_strong_keyword_evidence,pending_manual_review,NA
2,Sample alignment,AGE,Socioecological model,Age at Wave I,Wave I,Critical,add_health_wave03_in_home_public_use_codebook_questionnaire.pdf,"4, 25, 26, 99, 101, 120, 122, 125, 146, 152, 158, 164, 170, 176, 182, 188, 194, 200, 219, 220, 223, 224, 226, 227, 230, 232, 234, 236, 238, 239, 240, 241, 242, 243, 244, 245, 246, 247, 249, 250, 251, 253, 254, 256, 257, 258, 259, 260, 261, 265, 266, 270, 271, 273, 274, 275, 276, 280, 281, 282, 283, 287, 295, 309, 310, 311, 312, 313, 316, 317, 319, 320, 322, 323, 324, 325, 326, 327, 328, 329, 330, 333, 334, 336, 337, 338, 339, 340, 341, 342, 343, 346, 347, 350, 364, 386, 387, 390, 391, 405, 406, 410, 412, 413, 414, 415, 416, 417, 418, 441, 444, 446, 447, 450, 455, 459, 463, 473, 508, 517, 519, 528, 529, 532, 539, 544, 553, 574, 589, 601, 610, 614, 659, 660, 667, 668, 669, 674, 675, 678, 679, 682, 683, 690, 700",age; date of birth,to_be_confirmed_from_codebook_page,to_be_confirmed_from_codebook_page,NA,NA,likely_public_use_documentation,high_priority_strong_keyword_evidence,pending_manual_review,NA
3,Demographics,GEN,Socioecological model,Sex or gender,Wave I,High,add_health_wave01_in_home_public_use_codebook_questionnaire.pdf,"18, 26, 40, 41, 76, 77, 79, 80, 81, 83, 89, 93, 97, 101, 105, 109, 113, 116, 119, 122, 124, 126, 127, 129, 130, 132, 134, 135, 136, 138, 139, 184, 185, 186, 187, 188, 189, 193, 195, 203, 208, 210, 213, 215, 217, 220, 222, 224, 225, 227, 229, 231, 236, 237, 238, 239, 240, 241, 242, 243, 244, 245, 246, 247, 248, 249, 250, 251, 256, 257, 258, 259, 260, 261, 263, 264, 268, 269, 270, 287, 290, 291, 292, 293, 294, 295, 296, 297, 298, 299, 300, 301, 302, 303, 304, 305, 306, 307, 308, 310, 311, 313, 316, 330, 333, 334, 335, 336, 337, 338, 339, 340, 341, 342, 343, 344, 345, 346, 347, 348, 349, 350, 352, 354, 355, 356, 357, 369, 372, 373, 374, 375, 376, 377, 378, 379, 380, 381, 382, 383, 384, 385, 386, 387, 388, 389, 390, 391, 393, 395, 396, 397, 398, 399, 400, 401, 402, 403, 405, 406, 407, 408, 409, 410, 411, 412, 413, 414, 415, 416, 417, 418, 419, 420, 421, 422, 423, 424, 425, 426, 427, 428, 429, 431, 432, 434, 435, 436, 437, 438, 439, 440, 441, 442, 443, 444, 445, 446, 448, 449, 450, 451, 452, 453, 454, 455, 456, 457, 458, 460, 461, 463, 464, 465, 466, 467, 468, 469, 470, 471, 472, 473, 474, 475, 476, 477, 478, 479, 480, 481, 482, 483, 484, 485, 486, 487, 488, 489, 490, 492, 493, 494, 495, 496, 497, 498, 499, 501, 502, 503, 504, 505, 506, 507, 508, 509, 510, 511, 513, 514, 515, 516, 517, 518, 519, 520, 521, 522, 523, 524, 525, 526, 527, 528, 529, 530, 531, 532, 533, 534, 535, 536, 537, 538, 539, 540, 541, 542, 543, 544, 545, 546, 547, 548, 549, 550, 551, 552, 554, 555, 556, 557, 572, 588, 589, 590, 603, 604, 605, 606, 609, 612, 615, 617, 619, 620, 625, 626, 627, 698, 708, 709, 712, 713, 714, 715, 716, 717, 718, 719, 751, 787, 798, 800, 817, 818, 819, 820, 821, 822, 847",female; male; sex,to_be_confirmed_from_codebook_page,to_be_confirmed_from_codebook_page,NA,NA,likely_public_use_documentation,medium_to_high_keyword_evidence,pending_manual_review,NA
3,Demographics,GEN,Socioecological model,Sex or gender,Wave I,High,add_health_wave01_in_home_public_use_variable_description_frequencies.pdf,"7, 28, 75, 142, 145, 147, 149, 150, 151, 162, 170, 178, 186, 194, 202, 209, 217, 224, 231, 237, 243, 249, 255, 260, 266, 271, 272, 277, 282, 287, 359, 360, 361, 362, 363, 364, 365, 366, 372, 375, 385, 394, 395, 396, 397, 398, 399, 400, 401, 402, 403, 404, 405, 406, 407, 408, 409, 410, 411, 412, 413, 414, 415, 416, 417, 418, 419, 420, 421, 422, 423, 424, 425, 426, 427, 428, 429, 430, 431, 432, 433, 434, 435, 436, 437, 442, 444, 446, 447, 448, 449, 450, 451, 452, 453, 454, 455, 456, 457, 458, 459, 460, 465, 466, 467, 468, 469, 470, 471, 472, 473, 474, 475, 476, 477, 478, 479, 480, 484, 513, 519, 521, 522, 523, 524, 525, 526, 527, 528, 529, 530, 531, 532, 533, 534, 535, 536, 537, 538, 539, 540, 541, 544, 547, 548, 551, 552, 577, 583, 584, 585, 586, 587, 588, 589, 590, 591, 592, 593, 594, 595, 596, 597, 598, 599, 600, 601, 602, 603, 604, 605, 607, 608, 610, 611, 614, 615, 638, 644, 646, 647, 648, 649, 650, 651, 652, 653, 654, 655, 656, 657, 658, 659, 660, 661, 662, 663, 664, 665, 666, 668, 669, 671, 672, 674, 675, 678, 679, 680, 682, 683, 684, 685, 686, 687, 688, 689, 690, 691, 692, 693, 694, 695, 696, 699, 700, 703, 704, 705, 708, 709, 710, 711, 712, 713, 714, 715, 716, 717, 718, 719, 720, 721, 722, 723, 724, 725, 726, 727, 728, 729, 730, 731, 732, 733, 734, 735, 736, 738, 739, 741, 742, 744, 745, 747, 748, 749, 750, 751, 752, 753, 757, 758, 759, 760, 761, 762, 763, 764, 765, 767, 770, 771, 773, 774, 775, 776, 777, 778, 788, 791, 792, 795, 796, 797, 800, 801, 802, 803, 804, 805, 806, 807, 808, 809, 810, 811, 812, 813, 814, 815, 816, 817, 818, 819, 820, 821, 822, 823, 824, 825, 826, 827, 828, 830, 833, 836, 837, 838, 839, 840, 843, 844, 845, 848, 849, 850, 851, 852, 853, 854, 855, 856, 858, 861, 862, 864, 865, 866, 867, 868, 869, 870, 872, 873, 874, 875, 876, 877, 878, 881, 884, 885, 888, 889, 890, 891, 892, 893, 894, 895, 896, 897, 898, 899, 900, 901, 902, 903, 904, 905, 906, 907, 908, 909, 910, 911, 912, 913, 914, 915, 916, 918, 920, 921, 924, 926, 927, 930, 931, 932, 935, 936, 937, 938, 939, 940, 941, 942, 943, 944, 945, 946, 948, 949, 951, 952, 953, 954, 955, 956, 957, 958, 961, 963, 964, 965, 966, 967, 987, 1017, 1018, 1019, 1020, 1021, 1022, 1023, 1024, 1045, 1046, 1047, 1048, 1052, 1057, 1063, 1069, 1074, 1079, 1085, 1086, 1087, 1207, 1224, 1225, 1226, 1227, 1228, 1234, 1235, 1236, 1237, 1238, 1239, 1240, 1241, 1242, 1243, 1244, 1245, 1246, 1247, 1248, 1249, 1250, 1251, 1252, 1253, 1305, 1378, 1397, 1402, 1433, 1434, 1435, 1436, 1437, 1438, 1439, 1441, 1442",female; gender; male; sex,to_be_confirmed_from_codebook_page,to_be_confirmed_from_codebook_page,NA,NA,likely_public_use_documentation,medium_to_high_keyword_evidence,pending_manual_review,NA
3,Demographics,GEN,Socioecological model,Sex or gender,Wave I,High,add_health_wave02_in_home_public_use_codebook_questionnaire.pdf,"9, 68, 69, 71, 72, 73, 74, 75, 84, 87, 90, 93, 96, 98, 101, 103, 105, 106, 108, 109, 110, 111, 112, 113, 148, 150, 152, 153, 166, 167, 169, 174, 175, 176, 177, 178, 179, 180, 181, 182, 183, 184, 185, 186, 187, 188, 189, 190, 191, 192, 193, 194, 195, 196, 197, 198, 199, 200, 201, 202, 209, 210, 211, 212, 213, 214, 215, 217, 218, 221, 222, 223, 243, 247, 248, 249, 250, 251, 252, 253, 254, 255, 256, 257, 258, 259, 260, 261, 263, 265, 266, 268, 269, 270, 271, 272, 273, 291, 294, 295, 296, 297, 298, 299, 300, 301, 302, 303, 304, 305, 306, 307, 308, 310, 312, 313, 314, 315, 316, 333, 336, 338, 339, 340, 341, 342, 343, 344, 345, 346, 347, 348, 349, 350, 351, 352, 353, 354, 356, 357, 358, 359, 375, 378, 379, 381, 382, 383, 384, 385, 386, 387, 388, 389, 390, 391, 392, 393, 394, 395, 397, 398, 399, 400, 401, 403, 404, 407, 409, 413, 414, 415, 416, 417, 418, 419, 420, 421, 422, 423, 424, 425, 426, 427, 428, 439, 442, 444, 445, 446, 447, 448, 449, 450, 451, 452, 453, 454, 455, 456, 457, 458, 461, 464, 465, 469, 470, 471, 472, 473, 474, 475, 476, 477, 478, 479, 480, 490, 492, 493, 495, 496, 497, 498, 499, 500, 501, 502, 503, 504, 505, 506, 507, 511, 512, 515, 516, 517, 518, 519, 520, 521, 522, 523, 524, 525, 526, 527, 528, 529, 530, 545, 565, 566, 567, 572, 573, 574, 575, 578, 583, 590, 594, 601, 602, 664, 665",female; male; sex,to_be_confirmed_from_codebook_page,to_be_confirmed_from_codebook_page,NA,NA,likely_public_use_documentation,medium_to_high_keyword_evidence,pending_manual_review,NA
3,Demographics,GEN,Socioecological model,Sex or gender,Wave I,High,add_health_wave03_in_home_public_use_codebook_questionnaire.pdf,"4, 33, 37, 42, 43, 45, 46, 48, 49, 50, 51, 52, 53, 54, 55, 56, 57, 58, 60, 62, 63, 64, 65, 66, 67, 68, 85, 86, 87, 94, 96, 128, 365, 370, 371, 382, 383, 384, 400, 406, 475, 476, 479, 480, 481, 485, 488, 489, 490, 491, 492, 493, 494, 496, 497, 517, 595, 604, 626, 631, 696",female; gender; male; sex,to_be_confirmed_from_codebook_page,to_be_confirmed_from_codebook_page,NA,NA,likely_public_use_documentation,medium_to_high_keyword_evidence,pending_manual_review,NA
4,Household socioeconomic status,AFL1-AFL4,Socioecological model,Household assets and family socioeconomic status,Wave I,High,add_health_wave01_in_home_public_use_codebook_questionnaire.pdf,"1, 13, 14, 19, 21, 22, 31, 39, 40, 41, 42, 47, 59, 60, 77, 79, 80, 82, 83, 84, 89, 90, 91, 92, 93, 94, 95, 96, 97, 99, 100, 101, 103, 104, 105, 107, 108, 109, 110, 111, 112, 113, 114, 115, 116, 117, 118, 119, 120, 121, 122, 123, 124, 125, 126, 127, 128, 129, 130, 131, 132, 133, 134, 135, 136, 137, 138, 139, 140, 141, 143, 144, 151, 152, 159, 160, 162, 166, 167, 169, 173, 175, 176, 177, 178, 184, 190, 197, 210, 234, 235, 236, 237, 238, 239, 240, 241, 242, 243, 244, 245, 246, 247, 248, 249, 250, 251, 252, 253, 256, 287, 288, 289, 290, 291, 292, 293, 306, 330, 331, 332, 333, 334, 335, 348, 369, 370, 371, 372, 373, 374, 386, 393, 394, 410, 411, 412, 413, 414, 427, 465, 466, 467, 468, 469, 470, 482, 515, 516, 517, 518, 519, 520, 529, 552, 553, 584, 585, 592, 595, 596, 599, 609, 612, 613, 615, 616, 623, 625, 629, 630, 633, 638, 640, 641, 643, 644, 645, 647, 648, 649, 650, 651, 652, 653, 654, 655, 656, 657, 658, 659, 660, 661, 664, 670, 674, 679, 686, 689, 690, 691, 692, 693, 694, 695, 696, 697, 703, 704, 706, 707, 708, 709, 710, 711, 712, 720, 726, 732, 748, 750, 757, 762, 764, 783, 784, 785, 786, 793, 798, 799, 800, 804, 807, 809, 817, 818, 820, 828, 833, 848",car; computer; household; income; vehicle,to_be_confirmed_from_codebook_page,to_be_confirmed_from_codebook_page,NA,NA,likely_public_use_documentation,medium_to_high_keyword_evidence,pending_manual_review,NA
4,Household socioeconomic status,AFL1-AFL4,Socioecological model,Household assets and family socioeconomic status,Wave I,High,add_health_wave01_in_home_public_use_variable_description_frequencies.pdf,"1, 22, 28, 29, 35, 56, 72, 73, 90, 144, 145, 146, 162, 163, 164, 165, 167, 168, 169, 170, 172, 173, 175, 176, 177, 178, 179, 180, 181, 182, 183, 184, 185, 186, 187, 188, 189, 191, 192, 193, 194, 195, 196, 197, 199, 200, 201, 202, 203, 204, 205, 207, 208, 209, 210, 211, 212, 214, 215, 216, 217, 218, 219, 220, 221, 222, 223, 224, 225, 226, 227, 228, 229, 230, 231, 232, 233, 234, 235, 236, 237, 239, 240, 241, 242, 243, 244, 245, 246, 247, 248, 249, 250, 251, 252, 253, 254, 255, 256, 257, 258, 259, 260, 261, 262, 263, 264, 265, 266, 268, 269, 270, 271, 272, 273, 274, 275, 276, 277, 278, 279, 280, 281, 282, 283, 284, 285, 286, 287, 289, 290, 291, 292, 293, 321, 323, 331, 333, 344, 346, 348, 349, 350, 351, 352, 353, 377, 437, 438, 439, 440, 441, 442, 443, 444, 445, 446, 447, 448, 449, 450, 451, 452, 453, 454, 455, 456, 457, 458, 459, 460, 514, 515, 516, 517, 518, 519, 520, 521, 522, 523, 524, 525, 526, 527, 528, 529, 530, 531, 532, 533, 534, 535, 536, 537, 538, 577, 578, 579, 580, 581, 582, 583, 584, 585, 586, 587, 588, 589, 590, 591, 592, 593, 594, 595, 596, 597, 598, 599, 600, 601, 602, 639, 640, 641, 642, 643, 644, 645, 646, 647, 648, 649, 650, 651, 652, 653, 654, 655, 656, 657, 658, 659, 660, 661, 662, 663, 676, 677, 709, 710, 711, 712, 713, 714, 715, 716, 717, 718, 719, 720, 721, 722, 723, 724, 725, 726, 727, 728, 729, 730, 731, 732, 733, 801, 802, 803, 804, 805, 806, 807, 808, 809, 810, 811, 812, 813, 814, 815, 816, 817, 818, 819, 820, 821, 822, 823, 824, 825, 889, 890, 891, 892, 893, 894, 895, 896, 897, 898, 899, 900, 901, 902, 903, 904, 905, 906, 907, 908, 909, 910, 911, 912, 913, 961, 962, 1012, 1013, 1027, 1034, 1035, 1040, 1052, 1058, 1059, 1064, 1066, 1070, 1071, 1085, 1089, 1090, 1091, 1111, 1112, 1173, 1179, 1180, 1189, 1202, 1203, 1204, 1216, 1217, 1218, 1220, 1221, 1222, 1223, 1224, 1225, 1226, 1227, 1228, 1229, 1230, 1231, 1232, 1233, 1234, 1255, 1270, 1281, 1329, 1332, 1369, 1370, 1372, 1373, 1374, 1375, 1377, 1397, 1398, 1399, 1400, 1402, 1409",car; computer; household; income; vehicle,to_be_confirmed_from_codebook_page,to_be_confirmed_from_codebook_page,NA,NA,likely_public_use_documentation,medium_to_high_keyword_evidence,pending_manual_review,NA
4,Household socioeconomic status,AFL1-AFL4,Socioecological model,Household assets and family socioeconomic status,Wave I,High,add_health_wave02_in_home_public_use_codebook_questionnaire.pdf,"1, 11, 14, 16, 17, 18, 19, 24, 25, 26, 27, 32, 33, 37, 40, 58, 60, 69, 70, 72, 73, 75, 76, 77, 82, 84, 86, 87, 89, 90, 92, 93, 94, 95, 96, 97, 98, 99, 100, 101, 102, 103, 104, 105, 106, 107, 108, 109, 110, 111, 112, 113, 114, 115, 116, 117, 118, 119, 120, 121, 122, 123, 124, 125, 126, 127, 128, 129, 130, 131, 132, 133, 134, 135, 136, 137, 138, 139, 140, 141, 142, 143, 144, 145, 146, 147, 148, 149, 155, 156, 157, 158, 159, 160, 203, 209, 244, 245, 246, 247, 248, 249, 250, 251, 252, 253, 254, 255, 256, 257, 258, 259, 269, 271, 272, 273, 292, 293, 294, 295, 296, 297, 298, 299, 300, 301, 302, 303, 304, 313, 315, 316, 333, 334, 335, 336, 337, 338, 339, 340, 341, 342, 343, 344, 345, 352, 354, 376, 377, 378, 379, 380, 381, 382, 383, 384, 385, 386, 387, 388, 389, 390, 397, 398, 400, 401, 440, 441, 442, 443, 444, 445, 446, 447, 448, 449, 450, 457, 458, 491, 492, 493, 494, 495, 496, 497, 498, 504, 505, 546, 554, 558, 559, 560, 563, 578, 584, 585, 590, 591, 599, 600, 601, 602, 603, 604, 605, 614, 616, 618, 619, 620, 621, 622, 623, 624, 625, 626, 627, 628, 629, 630, 631, 632, 633, 634, 635, 636, 637, 641, 648, 651, 655, 661, 668",car; computer; household; income; vehicle,to_be_confirmed_from_codebook_page,to_be_confirmed_from_codebook_page,NA,NA,likely_public_use_documentation,medium_to_high_keyword_evidence,pending_manual_review,NA
4,Household socioeconomic status,AFL1-AFL4,Socioecological model,Household assets and family socioeconomic status,Wave I,High,add_health_wave03_in_home_public_use_codebook_questionnaire.pdf,"1, 25, 38, 40, 42, 45, 48, 51, 54, 56, 58, 60, 62, 63, 64, 65, 66, 67, 68, 86, 117, 119, 122, 128, 218, 219, 220, 222, 223, 226, 227, 229, 230, 231, 232, 234, 237, 248, 250, 251, 255, 260, 263, 271, 272, 273, 274, 276, 277, 278, 279, 283, 288, 295, 316, 317, 318, 319, 320, 323, 324, 325, 326, 327, 328, 329, 331, 336, 337, 338, 339, 340, 341, 342, 343, 345, 346, 347, 364, 368, 370, 372, 374, 410, 447, 448, 449, 450, 451, 452, 453, 454, 455, 456, 471, 473, 474, 497, 501, 522, 523, 524, 606, 616, 630, 631, 633, 634, 636, 664, 667, 668, 674, 675, 676, 680, 683, 686, 691",car; computer; household; income; vehicle,to_be_confirmed_from_codebook_page,to_be_confirmed_from_codebook_page,NA,NA,likely_public_use_documentation,medium_to_high_keyword_evidence,pending_manual_review,NA
5,Sexual initiation,SEX_EVER; ISX1,Behavioural risk model,Ever had sex and age at first sex,Wave I to Wave III,Critical,add_health_wave01_in_home_public_use_codebook_questionnaire.pdf,"80, 81, 184, 185, 186, 203, 256, 257, 258, 259, 260, 261, 263, 264, 291, 293, 294, 295, 296, 297, 298, 299, 300, 301, 302, 303, 304, 305, 306, 307, 308, 310, 311, 313, 316, 334, 336, 337, 338, 339, 340, 341, 342, 343, 344, 345, 346, 347, 348, 349, 350, 352, 354, 355, 356, 373, 375, 376, 377, 378, 379, 380, 381, 382, 383, 384, 385, 386, 387, 388, 389, 390, 391, 393, 413, 415, 416, 417, 418, 419, 420, 421, 422, 423, 424, 425, 426, 427, 428, 429, 431, 432, 434, 442, 444, 445, 446, 448, 449, 450, 468, 471, 472, 473, 474, 475, 476, 477, 478, 479, 480, 481, 482, 483, 484, 485, 486, 487, 488, 496, 499, 501, 502, 503, 504, 519, 520, 522, 523, 524, 525, 526, 527, 528, 529, 530, 531, 532, 533, 534, 542, 544, 545, 546, 547, 548, 549, 554, 588, 589, 590, 605, 609, 612, 615, 617, 619, 620, 625, 627, 818, 819, 820, 821, 822",ever had sex; sexual intercourse,to_be_confirmed_from_codebook_page,to_be_confirmed_from_codebook_page,NA,NA,likely_public_use_documentation,high_priority_strong_keyword_evidence,pending_manual_review,NA
5,Sexual initiation,SEX_EVER; ISX1,Behavioural risk model,Ever had sex and age at first sex,Wave I to Wave III,Critical,add_health_wave01_in_home_public_use_variable_description_frequencies.pdf,"149, 150, 151, 359, 360, 361, 362, 363, 385, 465, 466, 467, 468, 469, 470, 471, 474, 475, 521, 523, 524, 525, 526, 527, 528, 529, 530, 531, 532, 533, 534, 535, 536, 537, 538, 539, 540, 541, 544, 547, 548, 551, 552, 585, 587, 588, 589, 590, 591, 592, 593, 594, 595, 596, 597, 598, 599, 600, 601, 602, 603, 604, 607, 608, 610, 611, 614, 615, 646, 648, 649, 650, 651, 652, 653, 654, 655, 656, 657, 658, 659, 660, 661, 662, 663, 664, 665, 668, 669, 671, 672, 674, 675, 715, 718, 719, 720, 721, 722, 723, 724, 725, 726, 727, 728, 729, 730, 731, 732, 733, 734, 735, 738, 739, 741, 742, 744, 745, 761, 762, 763, 764, 765, 767, 770, 771, 773, 774, 807, 810, 811, 812, 813, 814, 815, 816, 817, 818, 819, 820, 821, 822, 823, 824, 825, 826, 827, 830, 833, 836, 837, 852, 853, 854, 855, 856, 858, 861, 862, 864, 865, 896, 898, 899, 900, 901, 902, 903, 904, 905, 906, 907, 908, 909, 910, 911, 912, 913, 914, 915, 916, 918, 920, 921, 924, 940, 941, 942, 943, 944, 945, 946, 948, 949, 951, 952, 1017, 1018, 1019, 1020, 1021, 1022, 1052, 1086, 1087, 1435, 1436, 1437, 1439, 1441, 1442",ever had sex; first sex; sexual intercourse,to_be_confirmed_from_codebook_page,to_be_confirmed_from_codebook_page,NA,NA,likely_public_use_documentation,high_priority_strong_keyword_evidence,pending_manual_review,NA
5,Sexual initiation,SEX_EVER; ISX1,Behavioural risk model,Ever had sex and age at first sex,Wave I to Wave III,Critical,add_health_wave02_in_home_public_use_codebook_questionnaire.pdf,"73, 74, 75, 148, 169, 209, 210, 211, 212, 213, 214, 215, 217, 218, 248, 249, 250, 251, 252, 253, 254, 255, 256, 257, 258, 259, 260, 261, 263, 265, 266, 268, 295, 296, 297, 298, 299, 300, 301, 302, 303, 304, 305, 306, 307, 308, 310, 312, 336, 338, 339, 340, 341, 342, 343, 344, 345, 346, 347, 348, 349, 350, 351, 379, 381, 382, 383, 384, 385, 386, 387, 388, 389, 390, 391, 392, 393, 394, 395, 397, 413, 414, 415, 416, 417, 418, 419, 421, 442, 445, 446, 447, 448, 449, 450, 451, 452, 453, 454, 455, 456, 469, 470, 471, 472, 473, 474, 475, 493, 496, 497, 498, 499, 500, 501, 502, 503, 515, 516, 517, 518, 519, 520, 528, 565, 566, 567, 574, 578, 583, 590, 594, 601, 602",ever had sex; sexual intercourse,to_be_confirmed_from_codebook_page,to_be_confirmed_from_codebook_page,NA,NA,likely_public_use_documentation,high_priority_strong_keyword_evidence,pending_manual_review,NA
5,Sexual initiation,SEX_EVER; ISX1,Behavioural risk model,Ever had sex and age at first sex,Wave I to Wave III,Critical,add_health_wave03_in_home_public_use_codebook_questionnaire.pdf,"480, 481",ever had sex,to_be_confirmed_from_codebook_page,to_be_confirmed_from_codebook_page,NA,NA,likely_public_use_documentation,high_priority_some_keyword_evidence,pending_manual_review,NA
7,Condom use,ISX3; APC; AEF; IPC,Health Belief Model / Theory of Planned Behaviour,Condom use and intention to use condom,Wave I to Wave III,Critical,add_health_wave01_in_home_public_use_codebook_questionnaire.pdf,"192, 194, 203, 205, 206, 208, 258, 259, 261, 262, 263, 264, 265, 266, 309, 310, 311, 312, 313, 314, 315, 316, 351, 352, 353, 354, 355, 356, 388, 389, 390, 391, 392, 393, 430, 431, 432, 433, 434, 445, 446, 447, 448, 449, 450, 451, 484, 485, 486, 487, 488, 500, 501, 502, 503, 504, 505, 531, 532, 533, 534, 545, 546, 547, 548, 549, 550, 551, 552, 611, 614",condom; condom use; used condom,to_be_confirmed_from_codebook_page,to_be_confirmed_from_codebook_page,NA,NA,likely_public_use_documentation,high_priority_strong_keyword_evidence,pending_manual_review,NA
7,Condom use,ISX3; APC; AEF; IPC,Health Belief Model / Theory of Planned Behaviour,Condom use and intention to use condom,Wave I to Wave III,Critical,add_health_wave01_in_home_public_use_variable_description_frequencies.pdf,"370, 373, 386, 388, 389, 390, 393, 467, 468, 469, 471, 472, 473, 474, 476, 477, 542, 543, 544, 545, 546, 547, 549, 550, 551, 606, 607, 608, 609, 610, 611, 612, 613, 614, 667, 668, 669, 670, 671, 673, 674, 737, 738, 739, 740, 741, 743, 744, 765, 766, 767, 768, 769, 770, 772, 773, 775, 776, 829, 830, 831, 832, 833, 834, 836, 857, 858, 859, 860, 861, 863, 864, 866, 917, 918, 919, 920, 921, 922, 923, 924, 944, 945, 947, 948, 950, 951, 953, 957, 960, 1056, 1062",condom; condom use; used condom,to_be_confirmed_from_codebook_page,to_be_confirmed_from_codebook_page,NA,NA,likely_public_use_documentation,high_priority_strong_keyword_evidence,pending_manual_review,NA
7,Condom use,ISX3; APC; AEF; IPC,Health Belief Model / Theory of Planned Behaviour,Condom use and intention to use condom,Wave I to Wave III,Critical,add_health_wave02_in_home_public_use_codebook_questionnaire.pdf,"166, 167, 169, 170, 171, 173, 212, 213, 215, 216, 217, 218, 219, 262, 263, 264, 265, 266, 267, 268, 270, 271, 272, 273, 274, 307, 308, 309, 310, 311, 312, 314, 315, 316, 317, 348, 349, 350, 351, 353, 354, 355, 392, 393, 394, 395, 396, 397, 398, 399, 400, 401, 402, 416, 417, 418, 419, 420, 421, 423, 424, 425, 426, 453, 454, 455, 456, 457, 458, 459, 471, 472, 473, 474, 475, 476, 477, 478, 479, 500, 501, 502, 503, 504, 505, 506, 517, 518, 519, 520, 521, 522, 523, 524, 525, 526, 582, 589, 594",condom; condom use; used condom,to_be_confirmed_from_codebook_page,to_be_confirmed_from_codebook_page,NA,NA,likely_public_use_documentation,high_priority_strong_keyword_evidence,pending_manual_review,NA
7,Condom use,ISX3; APC; AEF; IPC,Health Belief Model / Theory of Planned Behaviour,Condom use and intention to use condom,Wave I to Wave III,Critical,add_health_wave03_in_home_public_use_codebook_questionnaire.pdf,"453, 477, 478, 493, 494",condom,to_be_confirmed_from_codebook_page,to_be_confirmed_from_codebook_page,NA,NA,likely_public_use_documentation,high_priority_strong_keyword_evidence,pending_manual_review,NA
8,Contraceptive use,ISX3; APC; EPC; IPC,Theory of Planned Behaviour,Contraception and birth control,Wave I to Wave III,Critical,add_health_wave01_in_home_public_use_codebook_questionnaire.pdf,"34, 80, 82, 83, 190, 193, 195, 196, 197, 203, 236, 238, 239, 240, 241, 242, 243, 244, 245, 246, 247, 248, 249, 250, 251, 253, 256, 258, 259, 260, 261, 262, 263, 264, 265, 266, 267, 290, 293, 294, 295, 296, 297, 298, 299, 300, 301, 302, 303, 304, 305, 306, 309, 310, 311, 312, 313, 314, 315, 316, 333, 336, 337, 338, 339, 340, 341, 342, 343, 344, 345, 346, 347, 348, 349, 351, 352, 353, 354, 355, 356, 357, 372, 374, 375, 376, 377, 378, 379, 380, 381, 382, 383, 384, 385, 386, 388, 389, 390, 391, 392, 393, 413, 415, 416, 417, 418, 419, 420, 421, 422, 423, 424, 425, 426, 427, 430, 431, 432, 433, 434, 435, 445, 446, 447, 448, 449, 450, 451, 468, 470, 471, 472, 473, 474, 475, 476, 477, 478, 479, 480, 481, 482, 484, 485, 486, 487, 488, 489, 499, 500, 501, 502, 503, 504, 505, 518, 520, 523, 524, 525, 526, 527, 528, 529, 531, 532, 533, 534, 535, 545, 546, 547, 548, 549, 554, 555, 556, 578, 611, 612, 614, 615, 617, 618, 619, 620, 625, 626, 627, 634, 682, 683, 691, 760, 792, 817, 818, 819, 821",birth control; contraception; contraceptive; method; pill,to_be_confirmed_from_codebook_page,to_be_confirmed_from_codebook_page,NA,NA,likely_public_use_documentation,high_priority_strong_keyword_evidence,pending_manual_review,NA
8,Contraceptive use,ISX3; APC; EPC; IPC,Theory of Planned Behaviour,Contraception and birth control,Wave I to Wave III,Critical,add_health_wave01_in_home_public_use_variable_description_frequencies.pdf,"62, 63, 64, 65, 66, 67, 149, 150, 151, 152, 371, 372, 375, 377, 378, 442, 446, 447, 448, 449, 450, 451, 452, 453, 454, 455, 456, 457, 458, 459, 460, 467, 468, 469, 471, 472, 473, 475, 476, 477, 478, 479, 480, 519, 523, 524, 525, 526, 527, 528, 529, 530, 531, 532, 533, 534, 535, 536, 537, 538, 542, 543, 544, 545, 546, 547, 548, 549, 550, 551, 552, 553, 583, 587, 588, 589, 590, 591, 592, 593, 594, 595, 596, 597, 598, 599, 600, 601, 602, 605, 606, 607, 608, 609, 610, 611, 612, 613, 614, 615, 616, 644, 648, 649, 650, 651, 652, 653, 654, 655, 656, 657, 658, 659, 660, 661, 662, 663, 666, 667, 668, 669, 670, 671, 672, 673, 674, 675, 676, 714, 718, 719, 720, 721, 722, 723, 724, 725, 726, 727, 728, 729, 730, 731, 732, 736, 737, 738, 739, 740, 741, 742, 743, 744, 745, 746, 765, 766, 767, 768, 769, 770, 771, 772, 773, 774, 775, 806, 810, 811, 812, 813, 814, 815, 816, 817, 818, 819, 820, 821, 822, 823, 824, 828, 829, 830, 831, 832, 833, 834, 835, 836, 837, 856, 857, 858, 859, 860, 861, 862, 863, 864, 865, 866, 894, 898, 899, 900, 901, 902, 903, 904, 905, 906, 907, 908, 909, 910, 911, 912, 913, 916, 917, 918, 919, 920, 921, 922, 923, 924, 943, 944, 945, 946, 947, 948, 949, 950, 951, 952, 953, 963, 964, 965, 966, 967, 999, 1056, 1057, 1062, 1063, 1068, 1069, 1073, 1074, 1078, 1079, 1086, 1088, 1097, 1195, 1197, 1324, 1388, 1433, 1434, 1435, 1437, 1440",birth control; contraception; contraceptive; method; pill,to_be_confirmed_from_codebook_page,to_be_confirmed_from_codebook_page,NA,NA,likely_public_use_documentation,high_priority_strong_keyword_evidence,pending_manual_review,NA
8,Contraceptive use,ISX3; APC; EPC; IPC,Theory of Planned Behaviour,Contraception and birth control,Wave I to Wave III,Critical,add_health_wave02_in_home_public_use_codebook_questionnaire.pdf,"28, 73, 75, 76, 155, 166, 167, 169, 209, 212, 213, 215, 216, 217, 218, 219, 220, 221, 247, 249, 250, 251, 252, 253, 254, 255, 256, 257, 258, 259, 262, 263, 264, 265, 266, 267, 268, 294, 296, 297, 298, 299, 300, 301, 302, 303, 304, 305, 307, 308, 309, 310, 311, 312, 336, 339, 340, 341, 342, 343, 344, 345, 347, 348, 349, 350, 351, 352, 378, 381, 382, 383, 384, 385, 386, 387, 388, 389, 390, 392, 393, 394, 395, 396, 397, 416, 417, 418, 419, 420, 421, 442, 444, 445, 446, 447, 448, 449, 450, 453, 454, 455, 456, 471, 472, 473, 474, 475, 492, 495, 496, 497, 498, 500, 501, 502, 503, 509, 517, 518, 519, 520, 528, 529, 530, 550, 582, 583, 589, 590, 594, 601, 602, 603, 610, 658, 659",birth control; contraception; contraceptive; method; pill,to_be_confirmed_from_codebook_page,to_be_confirmed_from_codebook_page,NA,NA,likely_public_use_documentation,high_priority_strong_keyword_evidence,pending_manual_review,NA
8,Contraceptive use,ISX3; APC; EPC; IPC,Theory of Planned Behaviour,Contraception and birth control,Wave I to Wave III,Critical,add_health_wave03_in_home_public_use_codebook_questionnaire.pdf,"252, 253, 282, 351, 378, 382, 477, 483, 486, 492, 493, 648, 649, 654",birth control; contraception; method; pill,to_be_confirmed_from_codebook_page,to_be_confirmed_from_codebook_page,NA,NA,likely_public_use_documentation,high_priority_strong_keyword_evidence,pending_manual_review,NA
9,Pregnancy outcome,Pregnancy-related outcome,Behavioural risk / reproductive health,Pregnancy history or pregnancy outcome,Wave I to Wave IV,Critical,add_health_wave01_in_home_public_use_codebook_questionnaire.pdf,"4, 8, 13, 18, 47, 79, 80, 82, 83, 143, 159, 187, 188, 189, 193, 195, 197, 203, 206, 207, 208, 237, 239, 240, 241, 242, 243, 244, 245, 246, 247, 248, 249, 250, 251, 256, 258, 259, 260, 261, 262, 263, 264, 265, 266, 267, 292, 293, 294, 295, 296, 297, 298, 299, 300, 301, 302, 303, 304, 305, 306, 309, 310, 311, 312, 313, 314, 315, 316, 335, 336, 338, 339, 340, 341, 342, 343, 344, 345, 346, 347, 348, 351, 352, 353, 354, 355, 356, 357, 373, 377, 378, 379, 380, 381, 383, 384, 385, 388, 389, 390, 391, 392, 393, 414, 418, 419, 420, 421, 422, 423, 424, 425, 426, 427, 430, 431, 432, 433, 434, 435, 445, 446, 447, 448, 449, 450, 451, 469, 474, 475, 476, 477, 478, 479, 480, 481, 484, 485, 486, 487, 488, 489, 499, 500, 501, 502, 503, 504, 505, 519, 522, 526, 527, 528, 531, 532, 533, 534, 545, 546, 547, 548, 549, 554, 555, 556, 605, 609, 610, 611, 612, 613, 614, 615, 616, 617, 618, 619, 620, 621, 626, 627, 678, 683, 684, 691, 694, 702, 803, 811, 817, 818, 819, 821, 828, 839, 840",birth; got pregnant; pregnancy; pregnant,to_be_confirmed_from_codebook_page,to_be_confirmed_from_codebook_page,NA,NA,likely_public_use_documentation,high_priority_strong_keyword_evidence,pending_manual_review,NA
9,Pregnancy outcome,Pregnancy-related outcome,Behavioural risk / reproductive health,Pregnancy history or pregnancy outcome,Wave I to Wave IV,Critical,add_health_wave01_in_home_public_use_variable_description_frequencies.pdf,"9, 10, 21, 28, 89, 147, 149, 150, 151, 152, 295, 363, 364, 365, 366, 371, 372, 375, 378, 391, 392, 394, 444, 446, 447, 448, 449, 450, 451, 452, 453, 454, 455, 456, 457, 458, 459, 460, 467, 468, 469, 471, 472, 473, 475, 476, 477, 478, 479, 480, 522, 523, 524, 525, 526, 527, 528, 529, 530, 531, 532, 533, 534, 535, 536, 537, 538, 542, 543, 544, 545, 546, 547, 548, 549, 550, 551, 552, 553, 586, 587, 588, 589, 590, 591, 592, 593, 594, 595, 596, 597, 598, 599, 600, 601, 602, 605, 606, 607, 608, 609, 610, 611, 612, 613, 614, 616, 647, 648, 649, 650, 651, 652, 653, 654, 655, 656, 657, 658, 659, 660, 661, 662, 663, 666, 667, 668, 669, 670, 671, 672, 673, 674, 675, 676, 716, 718, 719, 720, 721, 722, 723, 724, 725, 726, 727, 728, 729, 730, 731, 732, 733, 736, 737, 738, 739, 740, 741, 742, 743, 744, 746, 765, 766, 767, 768, 769, 770, 771, 772, 773, 774, 775, 808, 810, 811, 812, 813, 814, 815, 816, 817, 818, 819, 820, 821, 822, 823, 824, 825, 828, 829, 830, 831, 832, 833, 834, 835, 836, 837, 856, 857, 858, 859, 860, 861, 862, 863, 864, 865, 866, 897, 898, 899, 900, 901, 902, 903, 904, 905, 906, 907, 908, 909, 910, 911, 912, 913, 916, 917, 918, 919, 920, 921, 922, 923, 924, 943, 944, 945, 946, 947, 948, 949, 950, 951, 952, 953, 963, 964, 965, 966, 967, 1052, 1053, 1054, 1055, 1056, 1057, 1058, 1059, 1060, 1061, 1062, 1063, 1064, 1065, 1066, 1067, 1068, 1069, 1070, 1071, 1073, 1074, 1075, 1076, 1077, 1078, 1079, 1080, 1086, 1088, 1188, 1197, 1199, 1406, 1407, 1421, 1433, 1434, 1435, 1437, 1440, 1453, 1472, 1473",birth; got pregnant; pregnancy; pregnancy outcome; pregnant,to_be_confirmed_from_codebook_page,to_be_confirmed_from_codebook_page,NA,NA,likely_public_use_documentation,high_priority_strong_keyword_evidence,pending_manual_review,NA
9,Pregnancy outcome,Pregnancy-related outcome,Behavioural risk / reproductive health,Pregnancy history or pregnancy outcome,Wave I to Wave IV,Critical,add_health_wave02_in_home_public_use_codebook_questionnaire.pdf,"4, 9, 71, 72, 73, 75, 76, 116, 127, 150, 152, 153, 166, 167, 169, 172, 174, 209, 212, 213, 215, 216, 217, 218, 219, 220, 221, 248, 249, 250, 251, 252, 253, 254, 255, 256, 257, 258, 262, 263, 264, 265, 266, 267, 268, 295, 296, 297, 299, 300, 301, 302, 303, 304, 307, 308, 309, 310, 311, 312, 337, 339, 340, 344, 347, 348, 349, 350, 351, 352, 380, 381, 382, 383, 384, 385, 386, 387, 388, 389, 392, 393, 394, 395, 396, 397, 416, 417, 418, 419, 420, 421, 443, 446, 449, 450, 453, 454, 455, 456, 471, 472, 473, 474, 475, 493, 498, 500, 501, 502, 503, 509, 517, 518, 519, 520, 528, 529, 530, 574, 578, 579, 580, 581, 582, 583, 584, 585, 586, 587, 589, 590, 591, 592, 593, 594, 595, 596, 602, 603, 655, 659, 660",birth; got pregnant; pregnancy; pregnant,to_be_confirmed_from_codebook_page,to_be_confirmed_from_codebook_page,NA,NA,likely_public_use_documentation,high_priority_strong_keyword_evidence,pending_manual_review,NA
9,Pregnancy outcome,Pregnancy-related outcome,Behavioural risk / reproductive health,Pregnancy history or pregnancy outcome,Wave I to Wave IV,Critical,add_health_wave03_in_home_public_use_codebook_questionnaire.pdf,"4, 105, 106, 108, 111, 113, 115, 370, 372, 382, 477, 478, 492, 493",birth; pregnancy,to_be_confirmed_from_codebook_page,to_be_confirmed_from_codebook_page,NA,NA,likely_public_use_documentation,high_priority_strong_keyword_evidence,pending_manual_review,NA
10,HIV/STI outcome,HIV-related outcome,Health Belief Model / reproductive health,"HIV, AIDS, STI, STD testing or diagnosis",Wave I to Wave III,Critical,add_health_wave01_in_home_public_use_codebook_questionnaire.pdf,"1, 2, 3, 4, 5, 6, 7, 8, 9, 10, 11, 12, 13, 14, 15, 16, 17, 18, 19, 20, 21, 22, 23, 24, 25, 26, 27, 28, 29, 30, 31, 32, 33, 34, 35, 36, 37, 38, 39, 40, 41, 42, 43, 44, 45, 46, 47, 48, 49, 50, 51, 52, 53, 54, 55, 56, 57, 58, 59, 60, 61, 62, 63, 64, 65, 66, 67, 68, 69, 70, 71, 72, 73, 74, 75, 76, 77, 78, 79, 80, 81, 82, 83, 84, 85, 86, 87, 88, 89, 90, 91, 92, 93, 94, 95, 96, 97, 98, 99, 100, 101, 102, 103, 104, 105, 106, 107, 108, 109, 110, 111, 112, 113, 114, 115, 116, 117, 118, 119, 120, 121, 122, 123, 124, 125, 126, 127, 128, 129, 130, 131, 132, 133, 134, 135, 136, 137, 138, 139, 140, 141, 142, 143, 144, 145, 146, 147, 148, 149, 150, 151, 152, 153, 154, 155, 156, 157, 158, 159, 160, 161, 162, 163, 164, 165, 166, 167, 168, 169, 170, 171, 172, 173, 174, 175, 176, 177, 178, 179, 180, 181, 182, 183, 184, 185, 186, 187, 188, 189, 190, 191, 192, 193, 194, 195, 196, 197, 198, 199, 200, 201, 202, 203, 204, 205, 206, 207, 208, 209, 210, 211, 212, 213, 214, 215, 216, 217, 218, 219, 220, 221, 222, 223, 224, 225, 226, 227, 228, 229, 230, 231, 232, 233, 234, 235, 236, 237, 238, 239, 240, 241, 242, 243, 244, 245, 246, 247, 248, 249, 250, 251, 252, 253, 254, 255, 256, 257, 258, 259, 260, 261, 262, 263, 264, 265, 266, 267, 268, 269, 270, 271, 272, 273, 274, 275, 276, 277, 278, 279, 280, 281, 282, 283, 284, 285, 286, 287, 288, 289, 290, 291, 292, 293, 294, 295, 296, 297, 298, 299, 300, 301, 302, 303, 304, 305, 306, 307, 308, 309, 310, 311, 312, 313, 314, 315, 316, 317, 318, 319, 320, 321, 322, 323, 324, 325, 326, 327, 328, 329, 330, 331, 332, 333, 334, 335, 336, 337, 338, 339, 340, 341, 342, 343, 344, 345, 346, 347, 348, 349, 350, 351, 352, 353, 354, 355, 356, 357, 358, 359, 360, 361, 362, 363, 364, 365, 366, 367, 368, 369, 370, 371, 372, 373, 374, 375, 376, 377, 378, 379, 380, 381, 382, 383, 384, 385, 386, 387, 388, 389, 390, 391, 392, 393, 394, 395, 396, 397, 398, 399, 400, 401, 402, 403, 404, 405, 406, 407, 408, 409, 410, 411, 412, 413, 414, 415, 416, 417, 418, 419, 420, 421, 422, 423, 424, 425, 426, 427, 428, 429, 430, 431, 432, 433, 434, 435, 436, 437, 438, 439, 440, 441, 442, 443, 444, 445, 446, 447, 448, 449, 450, 451, 452, 453, 454, 455, 456, 457, 458, 459, 460, 461, 462, 463, 464, 465, 466, 467, 468, 469, 470, 471, 472, 473, 474, 475, 476, 477, 478, 479, 480, 481, 482, 483, 484, 485, 486, 487, 488, 489, 490, 491, 492, 493, 494, 495, 496, 497, 498, 499, 500, 501, 502, 503, 504, 505, 506, 507, 508, 509, 510, 511, 512, 513, 514, 515, 516, 517, 518, 519, 520, 521, 522, 523, 524, 525, 526, 527, 528, 529, 530, 531, 532, 533, 534, 535, 536, 537, 538, 539, 540, 541, 542, 543, 544, 545, 546, 547, 548, 549, 550, 551, 552, 553, 554, 555, 556, 557, 558, 559, 560, 561, 562, 563, 564, 565, 566, 567, 568, 569, 570, 571, 572, 573, 574, 575, 576, 577, 578, 579, 580, 581, 582, 583, 584, 585, 586, 587, 588, 589, 590, 591, 592, 593, 594, 595, 596, 597, 598, 599, 600, 601, 602, 603, 604, 605, 606, 607, 608, 609, 610, 611, 612, 613, 614, 615, 616, 617, 618, 619, 620, 621, 622, 623, 624, 625, 626, 627, 628, 629, 630, 631, 632, 633, 634, 635, 636, 637, 638, 639, 640, 641, 642, 643, 644, 645, 646, 647, 648, 649, 650, 651, 652, 653, 654, 655, 656, 657, 658, 659, 660, 661, 662, 663, 664, 665, 666, 667, 668, 669, 670, 671, 672, 673, 674, 675, 676, 677, 678, 679, 680, 681, 682, 683, 684, 685, 686, 687, 688, 689, 690, 691, 692, 693, 694, 695, 696, 697, 698, 699, 700, 701, 702, 703, 704, 705, 706, 707, 708, 709, 710, 711, 712, 713, 714, 715, 716, 717, 718, 719, 720, 721, 722, 723, 724, 725, 726, 727, 728, 729, 730, 731, 732, 733, 734, 735, 736, 737, 738, 739, 740, 741, 742, 743, 744, 745, 746, 747, 748, 749, 750, 751, 752, 753, 754, 755, 756, 757, 758, 759, 760, 761, 762, 763, 764, 765, 766, 767, 768, 769, 770, 771, 772, 773, 774, 775, 776, 777, 778, 779, 780, 781, 782, 783, 784, 785, 786, 787, 788, 789, 790, 791, 792, 793, 794, 795, 796, 797, 798, 799, 800, 801, 802, 803, 804, 805, 806, 807, 808, 809, 810, 811, 812, 813, 814, 815, 816, 817, 818, 819, 820, 821, 822, 823, 824, 825, 826, 827, 828, 829, 830, 831, 832, 833, 834, 835, 836, 837, 838, 839, 840, 841, 842, 843, 844, 845, 846, 847, 848",AIDS; HIV; sexually transmitted; STD; STI; test,to_be_confirmed_from_codebook_page,to_be_confirmed_from_codebook_page,NA,NA,likely_public_use_documentation,high_priority_strong_keyword_evidence,pending_manual_review,NA
10,HIV/STI outcome,HIV-related outcome,Health Belief Model / reproductive health,"HIV, AIDS, STI, STD testing or diagnosis",Wave I to Wave III,Critical,add_health_wave01_in_home_public_use_variable_description_frequencies.pdf,"1, 2, 3, 4, 5, 8, 10, 31, 33, 38, 73, 74, 75, 79, 86, 89, 120, 121, 122, 123, 124, 125, 142, 143, 144, 148, 149, 150, 166, 175, 183, 191, 199, 206, 214, 295, 296, 308, 322, 326, 332, 336, 388, 392, 396, 442, 446, 447, 448, 449, 450, 451, 452, 453, 454, 455, 456, 457, 458, 459, 460, 481, 482, 486, 499, 519, 523, 524, 525, 526, 527, 528, 529, 530, 531, 532, 533, 534, 535, 536, 537, 538, 554, 564, 583, 587, 588, 589, 590, 591, 592, 593, 594, 595, 596, 597, 598, 599, 600, 601, 602, 616, 626, 644, 648, 649, 650, 651, 652, 653, 654, 655, 656, 657, 658, 659, 660, 661, 662, 663, 687, 688, 689, 690, 691, 692, 693, 694, 695, 696, 697, 698, 699, 700, 703, 704, 705, 708, 709, 710, 711, 712, 713, 714, 715, 716, 717, 718, 719, 720, 721, 722, 723, 724, 725, 726, 727, 728, 729, 730, 731, 732, 733, 788, 789, 790, 791, 792, 795, 796, 797, 800, 801, 802, 803, 804, 805, 806, 807, 808, 809, 810, 811, 812, 813, 814, 815, 816, 817, 818, 819, 820, 821, 822, 823, 824, 825, 877, 878, 879, 880, 894, 898, 899, 900, 901, 902, 903, 904, 905, 906, 907, 908, 909, 910, 911, 912, 913, 991, 992, 1001, 1022, 1023, 1024, 1026, 1032, 1033, 1034, 1040, 1045, 1052, 1059, 1061, 1066, 1067, 1071, 1072, 1077, 1081, 1085, 1097, 1099, 1104, 1106, 1107, 1109, 1114, 1155, 1184, 1188, 1269, 1275, 1307, 1324, 1348, 1349, 1358, 1359, 1369, 1371, 1388, 1397, 1400, 1402, 1406, 1430, 1436, 1440, 1441, 1442, 1478, 1479, 1480, 1482",AIDS; HIV; sexually transmitted; STD; STI; test,to_be_confirmed_from_codebook_page,to_be_confirmed_from_codebook_page,NA,NA,likely_public_use_documentation,high_priority_strong_keyword_evidence,pending_manual_review,NA
10,HIV/STI outcome,HIV-related outcome,Health Belief Model / reproductive health,"HIV, AIDS, STI, STD testing or diagnosis",Wave I to Wave III,Critical,add_health_wave02_in_home_public_use_codebook_questionnaire.pdf,"1, 2, 3, 4, 5, 6, 7, 8, 9, 10, 11, 12, 13, 14, 15, 16, 17, 18, 19, 20, 21, 22, 23, 24, 25, 26, 27, 28, 29, 30, 31, 32, 33, 34, 35, 36, 37, 38, 39, 40, 41, 42, 43, 44, 45, 46, 47, 48, 49, 50, 51, 52, 53, 54, 55, 56, 57, 58, 59, 60, 61, 62, 63, 64, 65, 66, 67, 68, 69, 70, 71, 72, 73, 74, 75, 76, 77, 78, 79, 80, 81, 82, 83, 84, 85, 86, 87, 88, 89, 90, 91, 92, 93, 94, 95, 96, 97, 98, 99, 100, 101, 102, 103, 104, 105, 106, 107, 108, 109, 110, 111, 112, 113, 114, 115, 116, 117, 118, 119, 120, 121, 122, 123, 124, 125, 126, 127, 128, 129, 130, 131, 132, 133, 134, 135, 136, 137, 138, 139, 140, 141, 142, 143, 144, 145, 146, 147, 148, 149, 150, 151, 152, 153, 154, 155, 156, 157, 158, 159, 160, 161, 162, 163, 164, 165, 166, 167, 168, 169, 170, 171, 172, 173, 174, 175, 176, 177, 178, 179, 180, 181, 182, 183, 184, 185, 186, 187, 188, 189, 190, 191, 192, 193, 194, 195, 196, 197, 198, 199, 200, 201, 202, 203, 204, 205, 206, 207, 208, 209, 210, 211, 212, 213, 214, 215, 216, 217, 218, 219, 220, 221, 222, 223, 224, 225, 226, 227, 228, 229, 230, 231, 232, 233, 234, 235, 236, 237, 238, 239, 240, 241, 242, 243, 244, 245, 246, 247, 248, 249, 250, 251, 252, 253, 254, 255, 256, 257, 258, 259, 260, 261, 262, 263, 264, 265, 266, 267, 268, 269, 270, 271, 272, 273, 274, 275, 276, 277, 278, 279, 280, 281, 282, 283, 284, 285, 286, 287, 288, 289, 290, 291, 292, 293, 294, 295, 296, 297, 298, 299, 300, 301, 302, 303, 304, 305, 306, 307, 308, 309, 310, 311, 312, 313, 314, 315, 316, 317, 318, 319, 320, 321, 322, 323, 324, 325, 326, 327, 328, 329, 330, 331, 332, 333, 334, 335, 336, 337, 338, 339, 340, 341, 342, 343, 344, 345, 346, 347, 348, 349, 350, 351, 352, 353, 354, 355, 356, 357, 358, 359, 360, 361, 362, 363, 364, 365, 366, 367, 368, 369, 370, 371, 372, 373, 374, 375, 376, 377, 378, 379, 380, 381, 382, 383, 384, 385, 386, 387, 388, 389, 390, 391, 392, 393, 394, 395, 396, 397, 398, 399, 400, 401, 402, 403, 404, 405, 406, 407, 408, 409, 410, 411, 412, 413, 414, 415, 416, 417, 418, 419, 420, 421, 422, 423, 424, 425, 426, 427, 428, 429, 430, 431, 432, 433, 434, 435, 436, 437, 438, 439, 440, 441, 442, 443, 444, 445, 446, 447, 448, 449, 450, 451, 452, 453, 454, 455, 456, 457, 458, 459, 460, 461, 462, 463, 464, 465, 466, 467, 468, 470, 471, 472, 473, 474, 475, 476, 477, 478, 479, 480, 481, 482, 483, 484, 485, 486, 487, 488, 489, 490, 491, 492, 493, 494, 495, 496, 497, 498, 499, 500, 501, 502, 503, 504, 505, 506, 507, 508, 509, 510, 511, 512, 513, 514, 515, 516, 517, 518, 519, 520, 521, 522, 523, 524, 525, 526, 527, 528, 529, 530, 531, 532, 533, 534, 535, 536, 537, 538, 539, 540, 541, 542, 543, 544, 545, 546, 547, 548, 549, 550, 551, 552, 553, 554, 555, 556, 557, 558, 559, 560, 561, 562, 563, 564, 565, 566, 567, 568, 569, 570, 571, 572, 573, 574, 575, 576, 577, 578, 579, 580, 581, 582, 583, 584, 585, 586, 587, 588, 589, 590, 591, 592, 593, 594, 595, 596, 597, 598, 599, 600, 601, 602, 603, 604, 605, 606, 607, 608, 609, 610, 611, 612, 613, 614, 615, 616, 617, 618, 619, 620, 621, 622, 623, 624, 625, 626, 627, 628, 629, 630, 631, 632, 633, 634, 635, 636, 637, 638, 639, 640, 641, 642, 643, 644, 645, 646, 647, 648, 649, 650, 651, 652, 653, 654, 655, 656, 657, 658, 659, 660, 661, 662, 663, 664, 665, 666, 667, 668",AIDS; HIV; sexually transmitted; STD; STI; test,to_be_confirmed_from_codebook_page,to_be_confirmed_from_codebook_page,NA,NA,likely_public_use_documentation,high_priority_strong_keyword_evidence,pending_manual_review,NA
10,HIV/STI outcome,HIV-related outcome,Health Belief Model / reproductive health,"HIV, AIDS, STI, STD testing or diagnosis",Wave I to Wave III,Critical,add_health_wave03_in_home_public_use_codebook_questionnaire.pdf,"1, 2, 3, 4, 5, 6, 7, 8, 9, 10, 11, 12, 13, 14, 15, 16, 17, 18, 19, 20, 21, 22, 23, 24, 25, 26, 27, 28, 29, 30, 31, 32, 33, 34, 35, 36, 37, 38, 39, 40, 41, 42, 43, 44, 45, 46, 47, 48, 49, 50, 51, 52, 53, 54, 55, 56, 57, 58, 59, 60, 61, 62, 63, 64, 65, 66, 67, 68, 69, 70, 71, 72, 73, 74, 75, 76, 77, 78, 79, 80, 81, 82, 83, 84, 85, 86, 87, 88, 89, 90, 91, 92, 93, 94, 95, 96, 97, 98, 99, 100, 101, 102, 103, 104, 105, 106, 107, 108, 109, 110, 111, 112, 113, 114, 115, 116, 117, 118, 119, 120, 121, 122, 123, 124, 125, 126, 127, 128, 129, 130, 131, 132, 133, 134, 135, 136, 137, 138, 139, 140, 141, 142, 143, 144, 145, 146, 147, 148, 149, 150, 151, 152, 153, 154, 155, 156, 157, 158, 159, 160, 161, 162, 163, 164, 165, 166, 167, 168, 169, 170, 171, 172, 173, 174, 175, 176, 177, 178, 179, 180, 181, 182, 183, 184, 185, 186, 187, 188, 189, 190, 191, 192, 193, 194, 195, 196, 197, 198, 199, 200, 201, 202, 203, 204, 205, 206, 207, 208, 209, 210, 211, 212, 213, 214, 215, 216, 217, 218, 219, 220, 221, 222, 223, 224, 225, 226, 227, 228, 229, 230, 231, 232, 233, 234, 235, 236, 237, 238, 239, 240, 241, 242, 243, 244, 245, 246, 247, 248, 249, 250, 251, 252, 253, 254, 255, 256, 257, 258, 259, 260, 261, 262, 263, 264, 265, 266, 267, 268, 269, 270, 271, 272, 273, 274, 275, 276, 277, 278, 279, 280, 281, 282, 283, 284, 285, 286, 287, 288, 289, 290, 291, 292, 293, 294, 295, 296, 297, 298, 299, 300, 301, 302, 303, 304, 305, 306, 307, 308, 309, 310, 311, 312, 313, 314, 315, 316, 317, 318, 319, 320, 321, 322, 323, 324, 325, 326, 327, 328, 329, 330, 331, 332, 333, 334, 335, 336, 337, 338, 339, 340, 341, 342, 343, 344, 345, 346, 347, 348, 349, 350, 351, 352, 353, 354, 355, 356, 357, 358, 359, 360, 361, 362, 363, 364, 365, 366, 367, 368, 369, 370, 371, 372, 373, 374, 375, 376, 377, 378, 379, 380, 381, 382, 383, 384, 385, 386, 387, 388, 389, 390, 391, 392, 393, 394, 395, 396, 397, 398, 399, 400, 401, 402, 403, 404, 405, 406, 407, 408, 409, 410, 411, 412, 413, 414, 415, 416, 417, 418, 419, 420, 421, 422, 423, 424, 425, 426, 427, 428, 429, 430, 431, 432, 433, 434, 435, 436, 437, 438, 439, 440, 441, 442, 443, 444, 445, 446, 447, 448, 449, 450, 451, 452, 453, 454, 455, 456, 457, 458, 459, 460, 461, 462, 463, 464, 465, 466, 467, 468, 469, 470, 471, 472, 473, 474, 475, 476, 477, 478, 479, 480, 481, 482, 483, 484, 485, 486, 487, 488, 489, 490, 491, 492, 493, 494, 495, 496, 497, 498, 499, 500, 501, 502, 503, 504, 505, 506, 507, 508, 509, 510, 511, 512, 513, 514, 515, 516, 517, 518, 519, 520, 521, 522, 523, 524, 525, 526, 527, 528, 529, 530, 531, 532, 533, 534, 535, 536, 537, 538, 539, 540, 541, 542, 543, 544, 545, 546, 547, 548, 549, 550, 551, 552, 553, 554, 555, 556, 557, 558, 559, 560, 561, 562, 563, 564, 565, 566, 567, 568, 569, 570, 571, 572, 573, 574, 575, 576, 577, 578, 579, 580, 581, 582, 583, 584, 585, 586, 587, 588, 589, 590, 591, 592, 593, 594, 595, 596, 597, 598, 599, 600, 601, 602, 603, 604, 605, 606, 607, 608, 609, 610, 611, 612, 613, 614, 615, 616, 617, 618, 619, 620, 621, 622, 623, 624, 625, 626, 627, 628, 629, 630, 631, 632, 633, 634, 635, 636, 637, 638, 639, 640, 641, 642, 643, 644, 645, 646, 647, 648, 649, 650, 651, 652, 653, 654, 655, 656, 657, 658, 659, 660, 661, 662, 663, 664, 665, 666, 667, 668, 669, 670, 671, 672, 673, 674, 675, 676, 677, 678, 679, 680, 681, 682, 683, 684, 685, 686, 687, 688, 689, 690, 691, 692, 693, 694, 695, 696, 697, 698, 699, 700, 701",AIDS; HIV; sexually transmitted; STD; STI; test,to_be_confirmed_from_codebook_page,to_be_confirmed_from_codebook_page,NA,NA,likely_public_use_documentation,high_priority_strong_keyword_evidence,pending_manual_review,NA
11,HIV/AIDS knowledge,INA1-INA4; CVS1-CVS9,Health Belief Model,HIV/AIDS knowledge and information exposure,Wave I to Wave III,High,add_health_wave03_in_home_public_use_codebook_questionnaire.pdf,"271, 317, 337",prevention; transmission,to_be_confirmed_from_codebook_page,to_be_confirmed_from_codebook_page,NA,NA,likely_public_use_documentation,medium_to_high_keyword_evidence,pending_manual_review,NA
12,Perceived susceptibility,SUP1-SUP4,Health Belief Model,Perceived HIV/STI risk,Wave I to Wave III,High,add_health_wave01_in_home_public_use_codebook_questionnaire.pdf,"238, 293, 335, 374, 414, 470, 520",worry,to_be_confirmed_from_codebook_page,to_be_confirmed_from_codebook_page,NA,NA,likely_public_use_documentation,medium_to_high_keyword_evidence,pending_manual_review,NA
12,Perceived susceptibility,SUP1-SUP4,Health Belief Model,Perceived HIV/STI risk,Wave I to Wave III,High,add_health_wave01_in_home_public_use_variable_description_frequencies.pdf,150,risk of AIDS,to_be_confirmed_from_codebook_page,to_be_confirmed_from_codebook_page,NA,NA,likely_public_use_documentation,weak_to_moderate_keyword_evidence,pending_manual_review,NA
12,Perceived susceptibility,SUP1-SUP4,Health Belief Model,Perceived HIV/STI risk,Wave I to Wave III,High,add_health_wave02_in_home_public_use_codebook_questionnaire.pdf,"244, 292, 333, 376, 440, 491",worry,to_be_confirmed_from_codebook_page,to_be_confirmed_from_codebook_page,NA,NA,likely_public_use_documentation,medium_to_high_keyword_evidence,pending_manual_review,NA
12,Perceived susceptibility,SUP1-SUP4,Health Belief Model,Perceived HIV/STI risk,Wave I to Wave III,High,add_health_wave03_in_home_public_use_codebook_questionnaire.pdf,491,worried,to_be_confirmed_from_codebook_page,to_be_confirmed_from_codebook_page,NA,NA,likely_public_use_documentation,weak_to_moderate_keyword_evidence,pending_manual_review,NA
13,Perceived severity,SEP1-SEP4,Health Belief Model,Perceived seriousness of HIV/AIDS,Wave I to Wave III,Medium,add_health_wave01_in_home_public_use_codebook_questionnaire.pdf,"42, 149, 157, 180, 182, 584, 622, 690, 695, 773, 778, 783",death; serious,to_be_confirmed_from_codebook_page,to_be_confirmed_from_codebook_page,NA,NA,likely_public_use_documentation,weak_to_moderate_keyword_evidence,pending_manual_review,NA
13,Perceived severity,SEP1-SEP4,Health Belief Model,Perceived seriousness of HIV/AIDS,Wave I to Wave III,Medium,add_health_wave01_in_home_public_use_variable_description_frequencies.pdf,"81, 304, 317, 351, 356, 1012, 1042, 1043, 1044, 1081, 1082, 1349, 1359, 1369",death; serious,to_be_confirmed_from_codebook_page,to_be_confirmed_from_codebook_page,NA,NA,likely_public_use_documentation,weak_to_moderate_keyword_evidence,pending_manual_review,NA
13,Perceived severity,SEP1-SEP4,Health Belief Model,Perceived seriousness of HIV/AIDS,Wave I to Wave III,Medium,add_health_wave02_in_home_public_use_codebook_questionnaire.pdf,"34, 119, 124, 144, 146, 561, 598",serious,to_be_confirmed_from_codebook_page,to_be_confirmed_from_codebook_page,NA,NA,likely_public_use_documentation,weak_to_moderate_keyword_evidence,pending_manual_review,NA
13,Perceived severity,SEP1-SEP4,Health Belief Model,Perceived seriousness of HIV/AIDS,Wave I to Wave III,Medium,add_health_wave03_in_home_public_use_codebook_questionnaire.pdf,"412, 627, 666",death; serious,to_be_confirmed_from_codebook_page,to_be_confirmed_from_codebook_page,NA,NA,likely_public_use_documentation,weak_to_moderate_keyword_evidence,pending_manual_review,NA
14,Perceived benefits,BEP1-BEP4,Health Belief Model,Benefits of condom use or prevention,Wave I to Wave III,High,add_health_wave03_in_home_public_use_codebook_questionnaire.pdf,"406, 614",abstain,to_be_confirmed_from_codebook_page,to_be_confirmed_from_codebook_page,NA,NA,likely_public_use_documentation,weak_to_moderate_keyword_evidence,pending_manual_review,NA
15,Perceived barriers,BAP1-BAP3,Health Belief Model,Barriers to condom use or prevention,Wave I to Wave III,High,add_health_wave01_in_home_public_use_codebook_questionnaire.pdf,"72, 558, 671, 672, 676, 678, 683",access; embarrassed,to_be_confirmed_from_codebook_page,to_be_confirmed_from_codebook_page,NA,NA,likely_public_use_documentation,medium_to_high_keyword_evidence,pending_manual_review,NA
15,Perceived barriers,BAP1-BAP3,Health Belief Model,Barriers to condom use or prevention,Wave I to Wave III,High,add_health_wave01_in_home_public_use_variable_description_frequencies.pdf,"1007, 1174, 1176, 1184, 1185, 1186, 1187, 1188, 1189, 1190, 1191, 1192, 1193, 1194, 1195, 1196, 1197, 1198, 1199, 1200, 1201, 1202, 1203",access; embarrassed,to_be_confirmed_from_codebook_page,to_be_confirmed_from_codebook_page,NA,NA,likely_public_use_documentation,medium_to_high_keyword_evidence,pending_manual_review,NA
15,Perceived barriers,BAP1-BAP3,Health Belief Model,Barriers to condom use or prevention,Wave I to Wave III,High,add_health_wave02_in_home_public_use_codebook_questionnaire.pdf,"63, 531, 648, 649, 653, 654, 655, 656, 657, 658, 659, 660, 661",access; embarrassed,to_be_confirmed_from_codebook_page,to_be_confirmed_from_codebook_page,NA,NA,likely_public_use_documentation,medium_to_high_keyword_evidence,pending_manual_review,NA
15,Perceived barriers,BAP1-BAP3,Health Belief Model,Barriers to condom use or prevention,Wave I to Wave III,High,add_health_wave03_in_home_public_use_codebook_questionnaire.pdf,"352, 362, 453",access; embarrassed,to_be_confirmed_from_codebook_page,to_be_confirmed_from_codebook_page,NA,NA,likely_public_use_documentation,medium_to_high_keyword_evidence,pending_manual_review,NA
16,Self-efficacy,AEF1-AEF7; EPC1-EPC3; EIS1-EIS3,Theory of Planned Behaviour / Health Belief Model,"Condom, contraception and refusal self-efficacy",Wave I to Wave III,Critical,add_health_wave01_in_home_public_use_codebook_questionnaire.pdf,"82, 678",self efficacy,to_be_confirmed_from_codebook_page,to_be_confirmed_from_codebook_page,NA,NA,likely_public_use_documentation,high_priority_some_keyword_evidence,pending_manual_review,NA
16,Self-efficacy,AEF1-AEF7; EPC1-EPC3; EIS1-EIS3,Theory of Planned Behaviour / Health Belief Model,"Condom, contraception and refusal self-efficacy",Wave I to Wave III,Critical,add_health_wave01_in_home_public_use_variable_description_frequencies.pdf,1188,self efficacy,to_be_confirmed_from_codebook_page,to_be_confirmed_from_codebook_page,NA,NA,likely_public_use_documentation,high_priority_some_keyword_evidence,pending_manual_review,NA
16,Self-efficacy,AEF1-AEF7; EPC1-EPC3; EIS1-EIS3,Theory of Planned Behaviour / Health Belief Model,"Condom, contraception and refusal self-efficacy",Wave I to Wave III,Critical,add_health_wave02_in_home_public_use_codebook_questionnaire.pdf,"75, 655",self efficacy,to_be_confirmed_from_codebook_page,to_be_confirmed_from_codebook_page,NA,NA,likely_public_use_documentation,high_priority_some_keyword_evidence,pending_manual_review,NA
17,Attitudes,AIS1-AIS3; APC1-APC3,Theory of Planned Behaviour,"Attitudes toward sex, condom and contraception",Wave I to Wave III,High,add_health_wave01_in_home_public_use_codebook_questionnaire.pdf,"625, 685",attitude,to_be_confirmed_from_codebook_page,to_be_confirmed_from_codebook_page,NA,NA,likely_public_use_documentation,weak_to_moderate_keyword_evidence,pending_manual_review,NA
17,Attitudes,AIS1-AIS3; APC1-APC3,Theory of Planned Behaviour,"Attitudes toward sex, condom and contraception",Wave I to Wave III,High,add_health_wave01_in_home_public_use_variable_description_frequencies.pdf,1200,attitude,to_be_confirmed_from_codebook_page,to_be_confirmed_from_codebook_page,NA,NA,likely_public_use_documentation,weak_to_moderate_keyword_evidence,pending_manual_review,NA
17,Attitudes,AIS1-AIS3; APC1-APC3,Theory of Planned Behaviour,"Attitudes toward sex, condom and contraception",Wave I to Wave III,High,add_health_wave02_in_home_public_use_codebook_questionnaire.pdf,"601, 660",attitude,to_be_confirmed_from_codebook_page,to_be_confirmed_from_codebook_page,NA,NA,likely_public_use_documentation,weak_to_moderate_keyword_evidence,pending_manual_review,NA
17,Attitudes,AIS1-AIS3; APC1-APC3,Theory of Planned Behaviour,"Attitudes toward sex, condom and contraception",Wave I to Wave III,High,add_health_wave03_in_home_public_use_codebook_questionnaire.pdf,"410, 586, 660",attitude; believe,to_be_confirmed_from_codebook_page,to_be_confirmed_from_codebook_page,NA,NA,likely_public_use_documentation,medium_to_high_keyword_evidence,pending_manual_review,NA
18,Peer norms,NPP1-NPP3; NP4-NP6,Theory of Planned Behaviour / Socioecological model,Peer norms and peer sexual behaviour,Wave I to Wave III,Critical,add_health_wave01_in_home_public_use_codebook_questionnaire.pdf,"20, 84, 184, 193, 194, 195, 210, 215, 217, 220, 222, 227, 229, 231, 235, 238, 239, 240, 241, 242, 243, 244, 245, 246, 247, 248, 249, 250, 251, 277, 278, 288, 293, 294, 295, 296, 297, 298, 299, 300, 301, 302, 303, 304, 305, 321, 322, 323, 331, 336, 337, 338, 339, 340, 341, 342, 343, 344, 345, 346, 347, 358, 359, 360, 361, 362, 363, 364, 365, 367, 369, 370, 371, 372, 373, 374, 375, 376, 377, 378, 379, 380, 381, 382, 383, 384, 385, 402, 403, 411, 415, 416, 417, 418, 419, 420, 421, 422, 423, 424, 425, 426, 440, 457, 458, 466, 470, 471, 472, 473, 474, 475, 476, 477, 478, 479, 480, 481, 495, 510, 511, 516, 521, 522, 523, 524, 527, 528, 541, 556, 564, 571, 573, 575, 587, 622, 623, 629, 630, 634, 644, 648, 651, 655, 657, 659, 660, 681, 712, 716, 759, 764, 765, 792, 802, 848",friends,to_be_confirmed_from_codebook_page,to_be_confirmed_from_codebook_page,NA,NA,likely_public_use_documentation,high_priority_strong_keyword_evidence,pending_manual_review,NA
18,Peer norms,NPP1-NPP3; NP4-NP6,Theory of Planned Behaviour / Socioecological model,Peer norms and peer sexual behaviour,Wave I to Wave III,Critical,add_health_wave01_in_home_public_use_variable_description_frequencies.pdf,"31, 153, 359, 371, 373, 375, 395, 396, 398, 404, 406, 409, 410, 413, 414, 419, 425, 427, 429, 431, 433, 435, 438, 446, 447, 448, 449, 450, 451, 452, 453, 454, 455, 456, 457, 458, 459, 460, 497, 499, 515, 523, 524, 525, 526, 527, 528, 529, 530, 531, 532, 533, 534, 535, 536, 537, 538, 562, 563, 564, 579, 587, 588, 589, 590, 591, 592, 593, 594, 595, 596, 597, 598, 599, 600, 601, 617, 618, 619, 621, 622, 623, 624, 625, 626, 629, 630, 633, 634, 635, 638, 639, 640, 641, 642, 643, 644, 645, 646, 647, 648, 649, 650, 651, 652, 653, 654, 655, 656, 657, 658, 659, 660, 661, 662, 663, 693, 695, 710, 718, 719, 720, 721, 722, 723, 724, 725, 726, 727, 728, 729, 730, 731, 732, 759, 786, 787, 788, 802, 810, 811, 812, 813, 814, 815, 816, 817, 818, 819, 820, 821, 822, 823, 824, 850, 875, 877, 890, 898, 899, 900, 901, 902, 903, 904, 905, 906, 907, 908, 909, 910, 911, 912, 913, 937, 967, 974, 975, 984, 988, 993, 1016, 1083, 1091, 1097, 1116, 1123, 1130, 1136, 1142, 1147, 1151, 1152, 1193, 1324, 1331, 1333, 1388, 1405",friends,to_be_confirmed_from_codebook_page,to_be_confirmed_from_codebook_page,NA,NA,likely_public_use_documentation,high_priority_strong_keyword_evidence,pending_manual_review,NA
18,Peer norms,NPP1-NPP3; NP4-NP6,Theory of Planned Behaviour / Socioecological model,Peer norms and peer sexual behaviour,Wave I to Wave III,Critical,add_health_wave02_in_home_public_use_codebook_questionnaire.pdf,"15, 77, 148, 167, 175, 189, 228, 229, 245, 249, 250, 251, 252, 253, 254, 255, 256, 257, 258, 278, 279, 293, 296, 297, 298, 299, 300, 301, 302, 303, 304, 318, 319, 320, 321, 322, 323, 324, 325, 326, 327, 328, 329, 331, 333, 334, 335, 336, 337, 338, 339, 340, 341, 342, 343, 344, 363, 364, 377, 381, 382, 383, 384, 385, 386, 387, 388, 389, 408, 431, 432, 441, 443, 444, 445, 446, 447, 448, 449, 450, 464, 483, 491, 494, 495, 511, 530, 537, 543, 547, 548, 556, 598, 599, 604, 605, 610, 619, 623, 626, 629, 631, 634, 635, 657, 668",friends,to_be_confirmed_from_codebook_page,to_be_confirmed_from_codebook_page,NA,NA,likely_public_use_documentation,high_priority_strong_keyword_evidence,pending_manual_review,NA
18,Peer norms,NPP1-NPP3; NP4-NP6,Theory of Planned Behaviour / Socioecological model,Peer norms and peer sexual behaviour,Wave I to Wave III,Critical,add_health_wave03_in_home_public_use_codebook_questionnaire.pdf,"26, 141, 143, 144, 146, 147, 149, 150, 152, 153, 155, 156, 158, 159, 161, 162, 164, 165, 167, 168, 170, 171, 173, 174, 176, 177, 179, 180, 182, 183, 185, 188, 189, 191, 194, 195, 196, 197, 199, 200, 201, 391, 521, 614, 618, 672",friends,to_be_confirmed_from_codebook_page,to_be_confirmed_from_codebook_page,NA,NA,likely_public_use_documentation,high_priority_strong_keyword_evidence,pending_manual_review,NA
19,Family monitoring,LFA1-LFA2,Socioecological model,Parental monitoring,Wave I,Critical,add_health_wave01_in_home_public_use_codebook_questionnaire.pdf,"31, 40, 41, 689",know who,to_be_confirmed_from_codebook_page,to_be_confirmed_from_codebook_page,NA,NA,likely_public_use_documentation,high_priority_some_keyword_evidence,pending_manual_review,NA
19,Family monitoring,LFA1-LFA2,Socioecological model,Parental monitoring,Wave I,Critical,add_health_wave01_in_home_public_use_variable_description_frequencies.pdf,"56, 74, 75",know who,to_be_confirmed_from_codebook_page,to_be_confirmed_from_codebook_page,NA,NA,likely_public_use_documentation,high_priority_some_keyword_evidence,pending_manual_review,NA
19,Family monitoring,LFA1-LFA2,Socioecological model,Parental monitoring,Wave I,Critical,add_health_wave02_in_home_public_use_codebook_questionnaire.pdf,"25, 71, 72",know who,to_be_confirmed_from_codebook_page,to_be_confirmed_from_codebook_page,NA,NA,likely_public_use_documentation,high_priority_some_keyword_evidence,pending_manual_review,NA
19,Family monitoring,LFA1-LFA2,Socioecological model,Parental monitoring,Wave I,Critical,add_health_wave03_in_home_public_use_codebook_questionnaire.pdf,366,know who,to_be_confirmed_from_codebook_page,to_be_confirmed_from_codebook_page,NA,NA,likely_public_use_documentation,high_priority_some_keyword_evidence,pending_manual_review,NA
20,Family support,LFA3,Socioecological model,Family support or connectedness,Wave I,High,add_health_wave01_in_home_public_use_codebook_questionnaire.pdf,629,parents care,to_be_confirmed_from_codebook_page,to_be_confirmed_from_codebook_page,NA,NA,likely_public_use_documentation,weak_to_moderate_keyword_evidence,pending_manual_review,NA
20,Family support,LFA3,Socioecological model,Family support or connectedness,Wave I,High,add_health_wave01_in_home_public_use_variable_description_frequencies.pdf,"1090, 1405",parents care; talk to parents,to_be_confirmed_from_codebook_page,to_be_confirmed_from_codebook_page,NA,NA,likely_public_use_documentation,weak_to_moderate_keyword_evidence,pending_manual_review,NA
20,Family support,LFA3,Socioecological model,Family support or connectedness,Wave I,High,add_health_wave02_in_home_public_use_codebook_questionnaire.pdf,604,parents care,to_be_confirmed_from_codebook_page,to_be_confirmed_from_codebook_page,NA,NA,likely_public_use_documentation,weak_to_moderate_keyword_evidence,pending_manual_review,NA
21,School connectedness,Q01-Q07,Socioecological model,School connectedness and school climate,Wave I to Wave II,Critical,add_health_wave01_in_home_public_use_codebook_questionnaire.pdf,629,teachers care,to_be_confirmed_from_codebook_page,to_be_confirmed_from_codebook_page,NA,NA,likely_public_use_documentation,high_priority_some_keyword_evidence,pending_manual_review,NA
21,School connectedness,Q01-Q07,Socioecological model,School connectedness and school climate,Wave I to Wave II,Critical,add_health_wave01_in_home_public_use_variable_description_frequencies.pdf,1090,teachers care,to_be_confirmed_from_codebook_page,to_be_confirmed_from_codebook_page,NA,NA,likely_public_use_documentation,high_priority_some_keyword_evidence,pending_manual_review,NA
21,School connectedness,Q01-Q07,Socioecological model,School connectedness and school climate,Wave I to Wave II,Critical,add_health_wave02_in_home_public_use_codebook_questionnaire.pdf,604,teachers care,to_be_confirmed_from_codebook_page,to_be_confirmed_from_codebook_page,NA,NA,likely_public_use_documentation,high_priority_some_keyword_evidence,pending_manual_review,NA
